symbol,Date,Open,High,Low,Close*,Adj Close**,Volume
SP500TR,12/31/2020,7712.24,7767.17,7699.05,7759.35,7759.35,0
SP500TR,12/30/2020,7717.67,7735.04,7705.32,7709.1,7709.1,0
SP500TR,12/29/2020,7745.38,7757.76,7690.22,7697.93,7697.93,0
SP500TR,12/28/2020,7689.64,7725.74,7689.64,7715.1,7715.1,0
SP500TR,12/24/2020,7629.75,7649.79,7620.12,7648.39,7648.39,0
SP500TR,12/23/2020,7627.67,7664.44,7619.82,7620.63,7620.63,0
SP500TR,12/22/2020,7637.18,7637.48,7591.91,7614.83,7614.83,0
SP500TR,12/21/2020,7608.11,7646.22,7509.69,7630.07,7630.07,0
SP500TR,12/18/2020,7686.56,7695.16,7611.18,7659.75,7659.75,0
SP500TR,12/17/2020,7667.96,7691.2,7662.29,7686.18,7686.18,0
SP500TR,12/16/2020,7631.65,7662.65,7615.79,7641.82,7641.82,0
SP500TR,12/15/2020,7570.02,7629.65,7556.01,7628.28,7628.28,0
SP500TR,12/14/2020,7588.2,7634.3,7530.21,7530.87,7530.87,0
SP500TR,12/11/2020,7547.24,7567.43,7500.48,7562.46,7562.46,0
SP500TR,12/10/2020,7553.35,7593.32,7524.94,7571.87,7571.87,0
SP500TR,12/9/2020,7649.51,7662.45,7555.71,7581.06,7581.06,0
SP500TR,12/8/2020,7601.8,7654.16,7593.28,7641.43,7641.43,0
SP500TR,12/7/2020,7625.71,7631.24,7593.11,7620,7620,0
SP500TR,12/4/2020,7576.61,7634.81,7576.61,7634.77,7634.77,0
SP500TR,12/3/2020,7570.66,7600.41,7548.24,7567.44,7567.44,0
SP500TR,12/2/2020,7539.35,7574.03,7521.57,7570.76,7570.76,0
SP500TR,12/1/2020,7522.3,7589.22,7522.3,7556.51,7556.51,0
SP500TR,11/30/2020,7497.94,7497.94,7416.46,7472.06,7472.06,0
SP500TR,11/27/2020,7505.77,7517.66,7486.95,7505.38,7505.38,0
SP500TR,11/25/2020,7498.76,7498.76,7462.17,7486.68,7486.68,0
SP500TR,11/24/2020,7413.97,7512.14,7413.97,7498.29,7498.29,0
SP500TR,11/23/2020,7356.72,7403.7,7327.75,7378.94,7378.94,0
SP500TR,11/20/2020,7381.65,7385.6,7335.75,7336.76,7336.76,0
SP500TR,11/19/2020,7340.55,7393.59,7309.2,7386.86,7386.86,0
SP500TR,11/18/2020,7448.67,7463.07,7356.81,7357.34,7357.34,0
SP500TR,11/17/2020,7443.64,7469.99,7399.21,7442.04,7442.04,0
SP500TR,11/16/2020,7421.66,7478.34,7421.66,7476.79,7476.79,0
SP500TR,11/13/2020,7323.46,7408.11,7323.46,7390.61,7390.61,0
SP500TR,11/12/2020,7343.57,7356.58,7252.72,7290.69,7290.69,0
SP500TR,11/11/2020,7343.21,7380.13,7330.44,7362.65,7362.65,0
SP500TR,11/10/2020,7302.06,7330.83,7237.7,7306.75,7306.75,0
SP500TR,11/9/2020,7382.81,7511.31,7311.15,7315.77,7315.77,0
SP500TR,11/6/2020,7228.26,7254.24,7178.81,7230.51,7230.51,0
SP500TR,11/5/2020,7180.78,7269.9,7180.78,7231.67,7231.67,0
SP500TR,11/4/2020,7016.15,7179.92,7014.63,7092.3,7092.3,0
SP500TR,11/3/2020,6871.53,6981.17,6871.53,6939.3,6939.3,0
SP500TR,11/2/2020,6788.96,6858.65,6755.13,6817.89,6817.89,0
SP500TR,10/30/2020,6783.49,6806.43,6660.69,6734.84,6734.84,0
SP500TR,10/29/2020,6748.97,6880.28,6713.58,6816.79,6816.79,0
SP500TR,10/28/2020,6882.88,6882.88,6731.9,6735.75,6735.75,0
SP500TR,10/27/2020,7007.8,7020.45,6978.18,6982.14,6982.14,0
SP500TR,10/26/2020,7086.5,7086.5,6928.88,7003.21,7003.21,0
SP500TR,10/23/2020,7134.8,7137.66,7084.8,7135.81,7135.81,0
SP500TR,10/22/2020,7080.3,7125.47,7032.96,7111.17,7111.17,0
SP500TR,10/21/2020,7082.61,7133.86,7068.59,7073.65,7073.65,0
SP500TR,10/20/2020,7081.37,7158.67,7073.88,7089.06,7089.06,0
SP500TR,10/19/2020,7192.99,7210.94,7041.71,7055.58,7055.58,0
SP500TR,10/16/2020,7192.66,7238.33,7170.73,7172.7,7172.7,0
SP500TR,10/15/2020,7110.62,7183.39,7084.63,7171.61,7171.61,0
SP500TR,10/14/2020,7237.56,7263.23,7165.71,7182.38,7182.38,0
SP500TR,10/13/2020,7275,7275,7206.83,7229.55,7229.55,0
SP500TR,10/12/2020,7205.03,7307.55,7205.03,7275.43,7275.43,0
SP500TR,10/9/2020,7121.98,7168.48,7118.69,7157.94,7157.94,0
SP500TR,10/8/2020,7069.58,7096.1,7056.97,7095.4,7095.4,0
SP500TR,10/7/2020,6965.12,7050.9,6965.12,7036.89,7036.89,0
SP500TR,10/6/2020,7014.74,7061.56,6903.47,6916.43,6916.43,0
SP500TR,10/5/2020,6929.14,7015.99,6929.14,7014.17,7014.17,0
SP500TR,10/2/2020,6870.09,6932.14,6839.04,6889.6,6889.6,0
SP500TR,10/1/2020,6966.63,6989.43,6916.53,6956.2,6956.2,0
SP500TR,9/30/2020,6874.01,6981.61,6872.5,6918.83,6918.83,0
SP500TR,9/29/2020,6893.74,6908.12,6845.82,6861.96,6861.96,0
SP500TR,9/28/2020,6857.87,6913.07,6855.9,6894.27,6894.27,0
SP500TR,9/25/2020,6657.83,6802.14,6642.04,6784.95,6784.95,0
SP500TR,9/24/2020,6635.98,6744,6602.36,6678.04,6678.04,0
SP500TR,9/23/2020,6828.92,6835.21,6649.24,6657.82,6657.82,0
SP500TR,9/22/2020,6778.33,6828.67,6727.32,6819.08,6819.08,0
SP500TR,9/21/2020,6757.35,6757.35,6641.33,6748.08,6748.08,0
SP500TR,9/18/2020,6904.68,6913.83,6771.06,6826.72,6826.72,0
SP500TR,9/17/2020,6882.96,6940.99,6845.9,6903.82,6903.82,0
SP500TR,9/16/2020,7015.21,7051.51,6960.53,6962.29,6962.29,0
SP500TR,9/15/2020,7007.77,7031.43,6969.87,6994.33,6994.33,0
SP500TR,9/14/2020,6916.83,6997.51,6916.83,6957.91,6957.91,0
SP500TR,9/11/2020,6892.34,6924.81,6805.53,6868.22,6868.22,0
SP500TR,9/10/2020,7015.06,7041.75,6844.42,6864.23,6864.23,0
SP500TR,9/9/2020,6926.86,7039.71,6920.95,6986.76,6986.76,0
SP500TR,9/8/2020,6930.72,6946.92,6843.17,6848.42,6848.42,0
SP500TR,9/4/2020,7098.38,7150.44,6886.63,7043.62,7043.62,0
SP500TR,9/3/2020,7326.76,7326.93,7044.82,7101.38,7101.38,0
SP500TR,9/2/2020,7282.28,7373.35,7265.2,7358.49,7358.49,0
SP500TR,9/1/2020,7206.9,7249.21,7180.76,7246.37,7246.37,0
SP500TR,8/31/2020,7211.47,7221.83,7177.81,7192.11,7192.11,0
SP500TR,8/28/2020,7179.73,7209.56,7158.42,7207.1,7207.1,0
SP500TR,8/27/2020,7159.38,7192.73,7125.35,7158.18,7158.18,0
SP500TR,8/26/2020,7086.68,7150.52,7075,7145.77,7145.77,0
SP500TR,8/25/2020,7057.84,7074.57,7037.16,7073.6,7073.6,0
SP500TR,8/24/2020,7021.07,7048.82,7010.91,7048.17,7048.17,0
SP500TR,8/21/2020,6954.39,6982.97,6941,6977.27,6977.27,0
SP500TR,8/20/2020,6901.52,6963.52,6889.85,6952.92,6952.92,0
SP500TR,8/19/2020,6967.07,6981.41,6920.37,6930.8,6930.8,0
SP500TR,8/18/2020,6954.69,6971.02,6920.08,6960.3,6960.3,0
SP500TR,8/17/2020,6940.89,6954.67,6937.54,6943.22,6943.22,0
SP500TR,8/14/2020,6915.68,6935.89,6901.28,6924.28,6924.28,0
SP500TR,8/13/2020,6923.97,6953.27,6904.49,6924.96,6924.96,0
SP500TR,8/12/2020,6886.36,6952.81,6886.36,6937.44,6937.44,0
SP500TR,8/11/2020,6915.89,6937.66,6825.8,6840.67,6840.67,0
SP500TR,8/10/2020,6886.5,6901.1,6845.07,6895.59,6895.59,0
SP500TR,8/7/2020,6853.6,6879.03,6830.55,6876.65,6876.65,0
SP500TR,8/6/2020,6817.56,6874.68,6807.27,6870.86,6870.86,0
SP500TR,8/5/2020,6804.89,6832.09,6804.89,6826.22,6826.22,0
SP500TR,8/4/2020,6748.58,6783.11,6741.29,6782.6,6782.6,0
SP500TR,8/3/2020,6745.17,6774.85,6737.72,6758.2,6758.2,0
SP500TR,7/31/2020,6708.41,6711.95,6606.32,6709.81,6709.81,0
SP500TR,7/30/2020,6628.36,6667.65,6572.89,6658.02,6658.02,0
SP500TR,7/29/2020,6617.99,6694.93,6617.99,6682.01,6682.01,0
SP500TR,7/28/2020,6632.45,6651.76,6595.32,6599.97,6599.97,0
SP500TR,7/27/2020,6602.76,6647.04,6591.33,6642.89,6642.89,0
SP500TR,7/24/2020,6600.16,6617.8,6562.16,6594.1,6594.1,0
SP500TR,7/23/2020,6708.82,6725.83,6608.63,6635.04,6635.04,0
SP500TR,7/22/2020,6673.92,6724.05,6670.3,6717.29,6717.29,0
SP500TR,7/21/2020,6701.75,6719.65,6659.26,6678.74,6678.74,0
SP500TR,7/20/2020,6610.96,6681.34,6592.38,6667.45,6667.45,0
SP500TR,7/17/2020,6610.79,6629.68,6573.14,6611.86,6611.86,0
SP500TR,7/16/2020,6577.96,6602.63,6557.93,6592.75,6592.75,0
SP500TR,7/15/2020,6613.88,6639.09,6562.23,6615.07,6615.07,0
SP500TR,7/14/2020,6439.77,6562.42,6412.2,6555.4,6555.4,0
SP500TR,7/13/2020,6570.03,6631.95,6456.91,6467.84,6467.84,0
SP500TR,7/10/2020,6462.2,6532.45,6429,6528.96,6528.96,0
SP500TR,7/9/2020,6510.74,6518.14,6387.14,6461.31,6461.31,0
SP500TR,7/8/2020,6461.56,6499.78,6427.68,6496.14,6496.14,0
SP500TR,7/7/2020,6488.87,6525.06,6441.37,6445.59,6445.59,0
SP500TR,7/6/2020,6465.99,6519.42,6465.99,6516.05,6516.05,0
SP500TR,7/2/2020,6442.08,6487.36,6402.9,6414.16,6414.16,0
SP500TR,7/1/2020,6363.41,6409.19,6353.66,6383.76,6383.76,0
SP500TR,6/30/2020,6249.07,6374.34,6245.77,6351.67,6351.67,0
SP500TR,6/29/2020,6183.81,6255.38,6145.2,6254.78,6254.78,0
SP500TR,6/26/2020,6294.89,6295.83,6155.32,6163.5,6163.5,0
SP500TR,6/25/2020,6240.35,6321.05,6194.08,6316.45,6316.45,0
SP500TR,6/24/2020,6378.88,6379.72,6210.55,6247.66,6247.66,0
SP500TR,6/23/2020,6428.62,6461.52,6405.06,6413.44,6413.44,0
SP500TR,6/22/2020,6337.9,6392.14,6307.12,6385.91,6385.91,0
SP500TR,6/19/2020,6431.83,6460.76,6314.75,6344.7,6344.7,0
SP500TR,6/18/2020,6351.5,6389.08,6334.84,6379.56,6379.56,0
SP500TR,6/17/2020,6421.9,6432.06,6364.36,6375.54,6375.54,0
SP500TR,6/16/2020,6411.39,6456.98,6301.28,6398.58,6398.58,0
SP500TR,6/15/2020,6130.27,6306.22,6073.52,6279.4,6279.4,0
SP500TR,6/12/2020,6288.27,6323.53,6111.71,6227.42,6227.42,0
SP500TR,6/11/2020,6393.85,6393.85,6141.39,6145.3,6145.3,0
SP500TR,6/10/2020,6577.08,6596.98,6512.07,6529.42,6529.42,0
SP500TR,6/9/2020,6576.83,6596.03,6535.54,6564.27,6564.27,0
SP500TR,6/8/2020,6548.95,6615.55,6541.09,6615.4,6615.4,0
SP500TR,6/5/2020,6475.01,6572.61,6475.01,6536.58,6536.58,0
SP500TR,6/4/2020,6367.92,6403.37,6324.65,6369.54,6369.54,0
SP500TR,6/3/2020,6340.63,6406.18,6340.63,6389.67,6389.67,0
SP500TR,6/2/2020,6270.18,6303.14,6243.41,6303,6303,0
SP500TR,6/1/2020,6216.8,6264.66,6202.37,6251.48,6251.48,0
SP500TR,5/29/2020,6188.67,6237.49,6134.34,6227.81,6227.81,0
SP500TR,5/28/2020,6231.52,6276.6,6184.06,6197.02,6197.02,0
SP500TR,5/27/2020,6167.5,6209.63,6073.62,6209.38,6209.38,0
SP500TR,5/26/2020,6143.73,6179.26,6111.39,6118.54,6118.54,0
SP500TR,5/22/2020,6029.02,6046.83,5999.56,6044.16,6044.16,0
SP500TR,5/21/2020,6072.78,6090.21,6008.7,6028.93,6028.93,0
SP500TR,5/20/2020,6039,6093.5,6039,6075.76,6075.76,0
SP500TR,5/19/2020,6027.58,6059.52,5973.95,5975.15,5975.15,0
SP500TR,5/18/2020,5956.05,6066.75,5956.05,6037.9,6037.9,0
SP500TR,5/15/2020,5783.88,5855.53,5757.16,5852.84,5852.84,0
SP500TR,5/14/2020,5710.9,5829.71,5654.23,5829.33,5829.33,0
SP500TR,5/13/2020,5855.4,5871.93,5707.06,5761.7,5761.7,0
SP500TR,5/12/2020,6005.42,6018.26,5863.64,5863.68,5863.68,0
SP500TR,5/11/2020,5955.3,6014.08,5930.79,5985.66,5985.66,0
SP500TR,5/8/2020,5941.7,5989.36,5929.74,5984.55,5984.55,0
SP500TR,5/7/2020,5878.15,5926.28,5874.72,5884.14,5884.14,0
SP500TR,5/6/2020,5886.04,5902.31,5813.6,5815.17,5815.17,0
SP500TR,5/5/2020,5856.48,5916.31,5845.98,5855.58,5855.58,0
SP500TR,5/4/2020,5746.52,5806.19,5711.56,5803.12,5803.12,0
SP500TR,5/1/2020,5856.87,5856.87,5760.09,5778.53,5778.53,0
SP500TR,4/30/2020,5982.4,5982.4,5904.07,5944.68,5944.68,0
SP500TR,4/29/2020,5956.78,6031.08,5943.98,5999.74,5999.74,0
SP500TR,4/28/2020,5939.22,5961.25,5838.71,5844.18,5844.18,0
SP500TR,4/27/2020,5826.3,5893.78,5822.81,5874.94,5874.94,0
SP500TR,4/24/2020,5740.46,5801.03,5697.88,5789.65,5789.65,0
SP500TR,4/23/2020,5735.79,5805.96,5703.04,5710.04,5710.04,0
SP500TR,4/22/2020,5689.34,5742.24,5665.2,5712.65,5712.65,0
SP500TR,4/21/2020,5682.88,5684.2,5565.13,5584.44,5584.44,0
SP500TR,4/20/2020,5806.83,5854.32,5755.55,5761,5761,0
SP500TR,4/17/2020,5800.32,5875.29,5776.76,5865.9,5865.9,0
SP500TR,4/16/2020,5712.16,5726.79,5640.71,5712.6,5712.6,0
SP500TR,4/15/2020,5704.59,5716.83,5635.33,5679.53,5679.53,0
SP500TR,4/14/2020,5723.54,5818.91,5723.54,5807.1,5807.1,0
SP500TR,4/13/2020,5676.64,5676.64,5551.75,5634.15,5634.15,0
SP500TR,4/9/2020,5665.38,5750.09,5635.76,5691.54,5691.54,0
SP500TR,4/8/2020,5477.04,5630.93,5432.83,5609.55,5609.55,0
SP500TR,4/7/2020,5585.12,5619.67,5420.98,5423.52,5423.52,0
SP500TR,4/6/2020,5258,5458.89,5251.12,5432.17,5432.17,0
SP500TR,4/3/2020,5128.72,5175.91,5017.12,5075.16,5075.16,0
SP500TR,4/2/2020,5013.08,5165.25,5007.49,5152.47,5152.47,0
SP500TR,4/1/2020,5092.85,5143.14,4989.73,5036.64,5036.64,0
SP500TR,3/31/2020,5330.56,5384.49,5241.81,5269.2,5269.2,0
SP500TR,3/30/2020,5216.48,5364.43,5188.56,5354.39,5354.39,0
SP500TR,3/27/2020,5209.27,5331.64,5136.56,5179.92,5179.92,0
SP500TR,3/26/2020,5098.02,5374.26,5097.61,5360.49,5360.49,0
SP500TR,3/25/2020,5009.1,5240.72,4906.7,5045.35,5045.35,0
SP500TR,3/24/2020,4778.12,4992.57,4778.12,4987.8,4987.8,0
SP500TR,3/23/2020,4668.16,4688.56,4466.72,4559.5,4559.5,0
SP500TR,3/20/2020,4955.9,4998.66,4678.65,4697.09,4697.09,0
SP500TR,3/19/2020,4876.73,5026.33,4727.02,4909.13,4909.13,0
SP500TR,3/18/2020,4964.01,4998.63,4646.56,4885.78,4885.78,0
SP500TR,3/17/2020,4941.9,5203.15,4822.7,5152.83,5152.83,0
SP500TR,3/16/2020,5110.69,5221.49,4850.64,4861.22,4861.22,0
SP500TR,3/13/2020,5235.63,5522.89,5077.69,5522.85,5522.85,0
SP500TR,3/12/2020,5357.82,5417.62,5049.06,5051.97,5051.97,0
SP500TR,3/11/2020,5753.21,5753.21,5512.87,5581.76,5581.76,0
SP500TR,3/10/2020,5728.15,5868.12,5566.34,5868.11,5868.11,0
SP500TR,3/9/2020,5830.58,5830.58,5567.82,5591.74,5591.74,0
SP500TR,3/6/2020,6013.8,6078.39,5906.62,6050.8,6050.8,0
SP500TR,3/5/2020,6260.91,6275.08,6106.71,6155.58,6155.58,0
SP500TR,3/4/2020,6198.66,6371.85,6175.66,6370.35,6370.35,0
SP500TR,3/3/2020,6301.52,6383.33,6057.83,6112.07,6112.07,0
SP500TR,3/2/2020,6052.69,6289.28,5993.85,6288.64,6288.64,0
SP500TR,2/28/2020,5935.79,6022.82,5811.55,6011.73,6011.73,0
SP500TR,2/27/2020,6231.1,6301.14,6059.73,6060.67,6060.67,0
SP500TR,2/26/2020,6387.21,6473.67,6324.42,6339.38,6339.38,0
SP500TR,2/25/2020,6588.63,6604.37,6344.18,6363.37,6363.37,0
SP500TR,2/24/2020,6626.46,6630.77,6539.51,6561.94,6561.94,0
SP500TR,2/21/2020,6834.88,6835.05,6769.93,6788.6,6788.6,0
SP500TR,2/20/2020,6875.21,6892.91,6795.02,6860.52,6860.52,0
SP500TR,2/19/2020,6874.75,6901.42,6871.58,6886.47,6886.47,0
SP500TR,2/18/2020,6850.51,6862.64,6823.25,6853.04,6853.04,0
SP500TR,2/14/2020,6868.46,6873.65,6844.51,6872.68,6872.68,0
SP500TR,2/13/2020,6842.58,6881.31,6831.77,6858.92,6858.92,0
SP500TR,2/12/2020,6849.73,6871.93,6848.3,6867.92,6867.92,0
SP500TR,2/11/2020,6840.1,6859.81,6813.45,6823.59,6823.59,0
SP500TR,2/10/2020,6743.13,6811.98,6742.09,6811.83,6811.83,0
SP500TR,2/7/2020,6777.17,6788.8,6749.97,6761.26,6761.26,0
SP500TR,2/6/2020,6794.89,6800.99,6773.51,6796.64,6796.64,0
SP500TR,2/5/2020,6753.11,6778.82,6730.53,6772.98,6772.98,0
SP500TR,2/4/2020,6663,6716.39,6663,6697.49,6697.49,0
SP500TR,2/3/2020,6571.68,6638.02,6571.68,6598.63,6598.63,0
SP500TR,1/31/2020,6666.38,6666.38,6529.57,6551,6551,0
SP500TR,1/30/2020,6613.27,6673.09,6585.79,6668.52,6668.52,0
SP500TR,1/29/2020,6679.29,6687.44,6643.84,6646.69,6646.69,0
SP500TR,1/28/2020,6609.89,6671.65,6605.81,6652.3,6652.3,0
SP500TR,1/27/2020,6593.11,6616.64,6568.37,6585.95,6585.95,0
SP500TR,1/24/2020,6767.61,6767.7,6662.93,6691.22,6691.22,0
SP500TR,1/23/2020,6732.24,6754.53,6704.12,6752.09,6752.09,0
SP500TR,1/22/2020,6760.69,6776.35,6740.43,6743.9,6743.9,0
SP500TR,1/21/2020,6742.18,6759.97,6733.31,6741.71,6741.71,0
SP500TR,1/17/2020,6747.4,6759.9,6737.68,6759.51,6759.51,0
SP500TR,1/16/2020,6705.27,6733.79,6705.27,6733.35,6733.35,0
SP500TR,1/15/2020,6662.99,6696.27,6660.18,6677.25,6677.25,0
SP500TR,1/14/2020,6669.12,6687.15,6652.7,6664.66,6664.66,0
SP500TR,1/13/2020,6639.63,6674.14,6634.28,6674.13,6674.13,0
SP500TR,1/10/2020,6661.28,6663.68,6618.81,6627.87,6627.87,0
SP500TR,1/9/2020,6629.23,6648.57,6624.65,6646.84,6646.84,0
SP500TR,1/8/2020,6571.82,6629.61,6568.16,6601.15,6601.15,0
SP500TR,1/7/2020,6578.23,6584.36,6559.19,6568.74,6568.74,0
SP500TR,1/6/2020,6528.24,6587.31,6522.34,6586.54,6586.54,0
SP500TR,1/3/2020,6546.09,6586.25,6538.17,6563.32,6563.32,0
SP500TR,1/2/2020,6582.55,6609.67,6564.02,6609.29,6609.29,0
SP500TR,12/31/2019,6521.92,6555.48,6515.56,6553.57,6553.57,0
SP500TR,12/30/2019,6572.03,6573.72,6524.56,6533.91,6533.91,0
SP500TR,12/27/2019,6585.65,6586.85,6559.59,6571.03,6571.03,0
SP500TR,12/26/2019,6544.95,6571.05,6544.95,6570.71,6570.71,0
SP500TR,12/24/2019,6540.79,6542.77,6530.77,6536.58,6536.58,0
SP500TR,12/23/2019,6541.53,6545.02,6534.23,6537.4,6537.4,0
SP500TR,12/20/2019,6536.01,6540.7,6521.32,6531.75,6531.75,0
SP500TR,12/19/2019,6472.8,6499.4,6472.8,6499.26,6499.26,0
SP500TR,12/18/2019,6478.24,6484.83,6469.99,6470,6470,0
SP500TR,12/17/2019,6478.09,6483.58,6469.23,6472.24,6472.24,0
SP500TR,12/16/2019,6454.19,6482.69,6454.19,6470.03,6470.03,0
SP500TR,12/13/2019,6419.57,6451.79,6399.1,6423.93,6423.93,0
SP500TR,12/12/2019,6366.93,6437.9,6361.39,6422.35,6422.35,0
SP500TR,12/11/2019,6354.92,6371.46,6349.77,6366.84,6366.84,0
SP500TR,12/10/2019,6354.07,6367.78,6335.49,6348.31,6348.31,0
SP500TR,12/9/2019,6367.03,6381.23,6354.79,6355.07,6355.07,0
SP500TR,12/6/2019,6351.83,6384.2,6351.83,6374.7,6374.7,0
SP500TR,12/5/2019,6320.3,6320.76,6289.18,6316.69,6316.69,0
SP500TR,12/4/2019,6286.75,6318.92,6284.86,6305.49,6305.49,0
SP500TR,12/3/2019,6253.48,6268.78,6219,6265.22,6265.22,0
SP500TR,12/2/2019,6367.59,6368.51,6300.62,6306.88,6306.88,0
SP500TR,11/29/2019,6374.12,6380.41,6358.36,6361.56,6361.56,0
SP500TR,11/27/2019,6369.29,6386.8,6365.18,6385.76,6385.76,0
SP500TR,11/26/2019,6346.98,6362.82,6339.2,6358.46,6358.46,0
SP500TR,11/25/2019,6311.57,6344.66,6311.57,6344.36,6344.36,0
SP500TR,11/22/2019,6298.6,6301.52,6274.11,6296.34,6296.34,0
SP500TR,11/21/2019,6292.61,6295.89,6264.55,6282.59,6282.59,0
SP500TR,11/20/2019,6304.73,6313.41,6257.95,6292.17,6292.17,0
SP500TR,11/19/2019,6329.37,6329.58,6301.1,6314.66,6314.66,0
SP500TR,11/18/2019,6309.68,6322.35,6297.85,6318.02,6318.02,0
SP500TR,11/15/2019,6289.36,6314.75,6282.7,6314.74,6314.74,0
SP500TR,11/14/2019,6253.53,6268.53,6238.51,6265.42,6265.42,0
SP500TR,11/13/2019,6238.66,6266.65,6227.99,6258.58,6258.58,0
SP500TR,11/12/2019,6248.75,6275.71,6240.05,6253.91,6253.91,0
SP500TR,11/11/2019,6230.3,6246.44,6221.19,6243.81,6243.81,0
SP500TR,11/8/2019,6232.18,6256.11,6216.74,6256.11,6256.11,0
SP500TR,11/7/2019,6242.7,6264.22,6229.02,6238.99,6238.99,0
SP500TR,11/6/2019,6215.72,6220.08,6197.09,6219.1,6219.1,0
SP500TR,11/5/2019,6226.77,6233.14,6209.38,6214.28,6214.28,0
SP500TR,11/4/2019,6223.02,6235.29,6214.78,6221.63,6221.63,0
SP500TR,11/1/2019,6165.86,6198.61,6165.86,6198.59,6198.59,0
SP500TR,10/31/2019,6157.6,6157.6,6109.68,6138.73,6138.73,0
SP500TR,10/30/2019,6142.74,6162.59,6115.31,6156.93,6156.93,0
SP500TR,10/29/2019,6133.43,6158.39,6132.41,6136.47,6136.47,0
SP500TR,10/28/2019,6126.75,6150.91,6126.75,6141.51,6141.51,0
SP500TR,10/25/2019,6068.55,6117.12,6066,6107.42,6107.42,0
SP500TR,10/24/2019,6091.62,6094.08,6062.65,6082.54,6082.54,0
SP500TR,10/23/2019,6049.63,6071.32,6044.12,6070.87,6070.87,0
SP500TR,10/22/2019,6083.19,6090.9,6051.82,6053.42,6053.42,0
SP500TR,10/21/2019,6054.21,6076.07,6051.96,6074.9,6074.9,0
SP500TR,10/18/2019,6054.74,6061.08,6013.53,6033.26,6033.26,0
SP500TR,10/17/2019,6062.54,6077.7,6044.47,6056.84,6056.84,0
SP500TR,10/16/2019,6039.67,6055.44,6030.61,6039.69,6039.69,0
SP500TR,10/15/2019,6006.79,6066.73,6006.79,6051.39,6051.39,0
SP500TR,10/14/2019,5991.04,6005.17,5985.41,5991.72,5991.72,0
SP500TR,10/11/2019,5985.51,6045.96,5985.51,6000.04,6000.04,0
SP500TR,10/10/2019,5895.01,5955.39,5892.12,5934.56,5934.56,0
SP500TR,10/9/2019,5879.85,5916.63,5872.97,5896.6,5896.6,0
SP500TR,10/8/2019,5896.79,5907.02,5841.27,5841.57,5841.57,0
SP500TR,10/7/2019,5944.75,5975.32,5927.56,5933.76,5933.76,0
SP500TR,10/4/2019,5892.91,5963.73,5892.91,5960.43,5960.43,0
SP500TR,10/3/2019,5825.89,5877.45,5766.45,5876.86,5876.86,0
SP500TR,10/2/2019,5903.98,5903.98,5803.34,5828.93,5828.93,0
SP500TR,10/1/2019,6022.89,6040.71,5932.06,5935.2,5935.2,0
SP500TR,9/30/2019,5989.08,6022.95,5989.08,6008.59,6008.59,0
SP500TR,9/27/2019,6025.89,6029.6,5945.35,5978.11,5978.11,0
SP500TR,9/26/2019,6025.56,6028.68,5981.23,6009.19,6009.19,0
SP500TR,9/25/2019,5990.12,6033.44,5959.53,6023.46,6023.46,0
SP500TR,9/24/2019,6058.88,6070.08,5968.7,5986.58,5986.58,0
SP500TR,9/23/2019,6020.2,6051.77,6017.88,6036.9,6036.9,0
SP500TR,9/20/2019,6070.48,6086.45,6023.61,6037.5,6037.5,0
SP500TR,9/19/2019,6074.09,6097.45,6059.58,6066.9,6066.9,0
SP500TR,9/18/2019,6055.87,6068.37,6009.68,6066.42,6066.42,0
SP500TR,9/17/2019,6044.08,6065.31,6040.38,6064.31,6064.31,0
SP500TR,9/16/2019,6045.54,6057.18,6034.62,6048.67,6048.67,0
SP500TR,9/13/2019,6077.23,6087.57,6058.5,6067.5,6067.5,0
SP500TR,9/12/2019,6069.24,6092.39,6052.79,6070.23,6070.23,0
SP500TR,9/11/2019,6012.51,6051.87,6000.2,6051.87,6051.87,0
SP500TR,9/10/2019,5991.24,6008.14,5963.17,6008.12,6008.12,0
SP500TR,9/9/2019,6026.16,6027.64,5988.22,6005.99,6005.99,0
SP500TR,9/6/2019,6009.33,6018.56,5993.58,6006.07,6006.07,0
SP500TR,9/5/2019,5969.34,6019.96,5969.34,6000.38,6000.38,0
SP500TR,9/4/2019,5895.54,5924.05,5889.9,5921.96,5921.96,0
SP500TR,9/3/2019,5863.47,5874.19,5829.08,5857.95,5857.95,0
SP500TR,8/30/2019,5919.65,5926.39,5871.82,5898.23,5898.23,0
SP500TR,8/29/2019,5865.02,5905.59,5855.57,5893.65,5893.65,0
SP500TR,8/28/2019,5765.13,5823.05,5749.57,5818.84,5818.84,0
SP500TR,8/27/2019,5829.11,5840.3,5764.07,5780.79,5780.79,0
SP500TR,8/26/2019,5775.81,5800.31,5754.25,5799.34,5799.34,0
SP500TR,8/23/2019,5864.47,5896.6,5711.17,5735.63,5735.63,0
SP500TR,8/22/2019,5904.46,5920.86,5851.25,5888.37,5888.37,0
SP500TR,8/21/2019,5886.37,5899.77,5878.77,5891.19,5891.19,0
SP500TR,8/20/2019,5880.03,5889.25,5841.56,5842.76,5842.76,0
SP500TR,8/19/2019,5868.46,5903.69,5868.46,5888.93,5888.93,0
SP500TR,8/16/2019,5769.97,5828.1,5769.97,5818.17,5818.17,0
SP500TR,8/15/2019,5731.67,5752.46,5690.03,5734.49,5734.49,0
SP500TR,8/14/2019,5827.09,5827.09,5717.38,5719.3,5719.3,0
SP500TR,8/13/2019,5798.36,5924.34,5790.98,5890.16,5890.16,0
SP500TR,8/12/2019,5851.19,5852.13,5782.91,5802.14,5802.14,0
SP500TR,8/9/2019,5897.34,5907.59,5836.26,5873.47,5873.47,0
SP500TR,8/8/2019,5827.4,5912.91,5824.14,5911.66,5911.66,0
SP500TR,8/7/2019,5750.36,5817.61,5684.52,5801.32,5801.32,0
SP500TR,8/6/2019,5755.29,5802,5728.02,5796.72,5796.72,0
SP500TR,8/5/2019,5829.05,5829.05,5676.31,5721.8,5721.8,0
SP500TR,8/2/2019,5920.95,5923.61,5861.1,5897.1,5897.1,0
SP500TR,8/1/2019,5993.64,6060.55,5923.34,5939.83,5939.83,0
SP500TR,7/31/2019,6065.24,6067.61,5949.04,5993.17,5993.17,0
SP500TR,7/30/2019,6047.84,6067,6034.57,6058.96,6058.96,0
SP500TR,7/29/2019,6081.05,6083.16,6060.71,6074.01,6074.01,0
SP500TR,7/26/2019,6058.48,6088.08,6057.23,6083.82,6083.82,0
SP500TR,7/25/2019,6064.44,6064.44,6026.38,6039.13,6039.13,0
SP500TR,7/24/2019,6029.25,6071.07,6025.56,6071.05,6071.05,0
SP500TR,7/23/2019,6020.9,6043.27,6008.51,6042.48,6042.48,0
SP500TR,7/22/2019,5995.04,6012.7,5984.44,6001.28,6001.28,0
SP500TR,7/19/2019,6039.8,6043.17,5983.41,5984.2,5984.2,0
SP500TR,7/18/2019,5988.5,6027.45,5976.9,6021.15,6021.15,0
SP500TR,7/17/2019,6040.61,6040.89,5998.99,5999.05,5999.05,0
SP500TR,7/16/2019,6054.66,6060.42,6032.73,6038.4,6038.4,0
SP500TR,7/15/2019,6065.87,6065.87,6047.73,6058.83,6058.83,0
SP500TR,7/12/2019,6036.85,6057.88,6033.92,6057.77,6057.77,0
SP500TR,7/11/2019,6028.75,6034.19,6007,6029.33,6029.33,0
SP500TR,7/10/2019,6007.99,6035.36,5998.63,6015.56,6015.56,0
SP500TR,7/9/2019,5960.13,5992.99,5955.95,5988.48,5988.48,0
SP500TR,7/8/2019,5987.02,5988.9,5967.62,5979.34,5979.34,0
SP500TR,7/5/2019,5995.94,6015.58,5963.25,6008.31,6008.31,0
SP500TR,7/3/2019,5982.9,5982.9,5982.9,5982.9,5982.9,0
SP500TR,7/2/2019,5971.29,5971.29,5971.29,5971.29,5971.29,0
SP500TR,7/1/2019,5953.63,5953.63,5953.63,5953.63,5953.63,0
SP500TR,6/28/2019,5890.53,5912.71,5882.77,5908.25,5908.25,0
SP500TR,6/27/2019,5863.58,5882.95,5861.88,5874.15,5874.15,0
SP500TR,6/26/2019,5875.58,5888.59,5849.38,5850.9,5850.9,0
SP500TR,6/25/2019,5915.15,5916.16,5855.52,5858.13,5858.13,0
SP500TR,6/24/2019,5926.47,5933.43,5911.75,5914.29,5914.29,0
SP500TR,6/21/2019,5929.07,5952.03,5917.38,5924.54,5924.54,0
SP500TR,6/20/2019,5922.47,5939.45,5886.23,5931.66,5931.66,0
SP500TR,6/19/2019,5863.59,5886.06,5845.4,5875.45,5875.45,0
SP500TR,6/18/2019,5835.79,5883.81,5833.25,5857.95,5857.95,0
SP500TR,6/17/2019,5801.56,5816.58,5796.68,5801.4,5801.4,0
SP500TR,6/14/2019,5795.65,5810.71,5781.31,5795.96,5795.96,0
SP500TR,6/13/2019,5793.7,5811.76,5785.22,5804.53,5804.53,0
SP500TR,6/12/2019,5784.93,5796.65,5768.93,5779.12,5779.12,0
SP500TR,6/11/2019,5826.03,5840.52,5776.42,5790.83,5790.83,0
SP500TR,6/10/2019,5790.75,5828.7,5790.21,5792.56,5792.56,0
SP500TR,6/7/2019,5724.58,5788.89,5724.58,5765.66,5765.66,0
SP500TR,6/6/2019,5675.18,5722.15,5663.15,5705.22,5705.22,0
SP500TR,6/5/2019,5652.73,5671.15,5618.37,5668.89,5668.89,0
SP500TR,6/4/2019,5540.81,5624.7,5540.81,5622.31,5622.31,0
SP500TR,6/3/2019,5518.27,5541.39,5473.21,5504.05,5504.05,0
SP500TR,5/31/2019,5547.51,5552.98,5516.33,5519.27,5519.27,0
SP500TR,5/30/2019,5588.11,5611.89,5567.67,5591.97,5591.97,0
SP500TR,5/29/2019,5594,5597.53,5545.53,5579.51,5579.51,0
SP500TR,5/28/2019,5673.61,5694.55,5617.17,5618.18,5618.18,0
SP500TR,5/24/2019,5678.31,5696.25,5653.83,5665.6,5665.6,0
SP500TR,5/23/2019,5686.08,5686.08,5623.54,5657.1,5657.1,0
SP500TR,5/22/2019,5724.28,5742.14,5714.39,5724.71,5724.71,0
SP500TR,5/21/2019,5720.08,5749.79,5720.08,5740.81,5740.81,0
SP500TR,5/20/2019,5695.72,5719.47,5674.45,5692.3,5692.3,0
SP500TR,5/17/2019,5729.02,5782.88,5720.39,5730.89,5730.89,0
SP500TR,5/16/2019,5722.85,5795.61,5722.85,5763.95,5763.95,0
SP500TR,5/15/2019,5650.22,5726.94,5639.98,5711.49,5711.49,0
SP500TR,5/14/2019,5648.58,5713.51,5648.58,5677.2,5677.2,0
SP500TR,5/13/2019,5688.14,5688.14,5610.61,5631.41,5631.41,0
SP500TR,5/10/2019,5733.79,5790.15,5658.44,5770.44,5770.44,0
SP500TR,5/9/2019,5725.31,5757.58,5678.41,5747.08,5747.08,0
SP500TR,5/8/2019,5762.87,5799.57,5750.27,5762.48,5762.48,0
SP500TR,5/7/2019,5829.57,5829.57,5728.76,5771.59,5771.59,0
SP500TR,5/6/2019,5821.25,5878.05,5799.89,5868.45,5868.45,0
SP500TR,5/3/2019,5861.43,5898.47,5861.43,5894.3,5894.3,0
SP500TR,5/2/2019,5846.76,5865.8,5803.53,5837.46,5837.46,0
SP500TR,5/1/2019,5906.87,5910.38,5849.3,5849.65,5849.65,0
SP500TR,4/30/2019,5876.44,5898.36,5850.66,5893.81,5893.81,0
SP500TR,4/29/2019,5883.16,5901,5880.73,5888.05,5888.05,0
SP500TR,4/26/2019,5853.33,5881.48,5837.01,5881.48,5881.48,0
SP500TR,4/25/2019,5859.5,5867.64,5827.25,5853.87,5853.87,0
SP500TR,4/24/2019,5869.54,5875.16,5853.64,5856.03,5856.03,0
SP500TR,4/23/2019,5821.5,5874.15,5818.7,5868.88,5868.88,0
SP500TR,4/22/2019,5798.77,5820.18,5793.99,5817.16,5817.16,0
SP500TR,4/18/2019,5810.68,5817.83,5784.85,5811.13,5811.13,0
SP500TR,4/17/2019,5833.01,5836.78,5791.83,5801.83,5801.83,0
SP500TR,4/16/2019,5824.87,5832.26,5801.89,5814.46,5814.46,0
SP500TR,4/15/2019,5816.99,5819.31,5793.47,5811.51,5811.51,0
SP500TR,4/12/2019,5801.93,5821.2,5797,5815.04,5815.04,0
SP500TR,4/11/2019,5783.48,5786.34,5763.73,5776.28,5776.28,0
SP500TR,4/10/2019,5762.31,5778.97,5757.89,5775.99,5775.99,0
SP500TR,4/9/2019,5772.25,5772.84,5746.02,5755.49,5755.49,0
SP500TR,4/8/2019,5774.25,5788.93,5758.95,5788.86,5788.86,0
SP500TR,4/5/2019,5765.53,5783.68,5763.31,5782.7,5782.7,0
SP500TR,4/4/2019,5745.17,5759.73,5731.56,5755.96,5755.96,0
SP500TR,4/3/2019,5748.05,5766.28,5726.23,5742.67,5742.67,0
SP500TR,4/2/2019,5732.35,5741.6,5713.49,5730.35,5730.35,0
SP500TR,4/1/2019,5692.95,5734.41,5692.95,5730.04,5730.04,0
SP500TR,3/29/2019,5652.21,5667.72,5634.22,5664.46,5664.46,0
SP500TR,3/28/2019,5614.25,5634.7,5593.05,5626.32,5626.32,0
SP500TR,3/27/2019,5633.98,5645.41,5570.09,5605.32,5605.32,0
SP500TR,3/26/2019,5619.82,5654.16,5602.51,5631.39,5631.39,0
SP500TR,3/25/2019,5586.53,5614.05,5564.66,5591.23,5591.23,0
SP500TR,3/22/2019,5683.02,5686.19,5595.04,5595.5,5595.5,0
SP500TR,3/21/2019,5633.04,5714.14,5628.68,5703.28,5703.28,0
SP500TR,3/20/2019,5655.95,5680.32,5618.27,5641.74,5641.74,0
SP500TR,3/19/2019,5674.51,5697.79,5639.62,5658.15,5658.15,0
SP500TR,3/18/2019,5638.1,5663.62,5636.9,5658.73,5658.73,0
SP500TR,3/15/2019,5614.42,5654.21,5614.42,5637.77,5637.77,0
SP500TR,3/14/2019,5613.38,5622.54,5599.75,5609.59,5609.59,0
SP500TR,3/13/2019,5590.31,5633.09,5590.31,5612.56,5612.56,0
SP500TR,3/12/2019,5565.09,5586.97,5556.77,5556.77,5556.77,0
SP500TR,3/11/2019,5485.52,5558.1,5485.52,5556.77,5556.77,0
SP500TR,3/8/2019,5451.87,5478.51,5435.03,5476.39,5476.39,0
SP500TR,3/7/2019,5522.69,5524,5468.03,5487.56,5487.56,0
SP500TR,3/6/2019,5568.91,5568.91,5525.91,5531.34,5531.34,0
SP500TR,3/5/2019,5576.9,5580.81,5554.08,5567.4,5567.4,0
SP500TR,3/4/2019,5616.57,5621.42,5523.4,5573.53,5573.53,0
SP500TR,3/1/2019,5584.19,5603.74,5562.56,5595.11,5595.11,0
SP500TR,2/28/2019,5563.72,5574.86,5552.55,5556.49,5556.49,0
SP500TR,2/27/2019,5560.83,5576.83,5536.16,5570.57,5570.57,0
SP500TR,2/26/2019,5569.68,5591.11,5564.1,5572.74,5572.74,0
SP500TR,2/25/2019,5593.52,5611.67,5574.86,5577.09,5577.09,0
SP500TR,2/22/2019,5545.53,5572.5,5543.2,5569.45,5569.45,0
SP500TR,2/21/2019,5544.48,5546.98,5513.27,5533.8,5533.8,0
SP500TR,2/20/2019,5541.64,5562.84,5531.8,5552.9,5552.9,0
SP500TR,2/19/2019,5521.09,5557.06,5517.29,5541.98,5541.98,0
SP500TR,2/15/2019,5502.66,5533.33,5502.66,5533.27,5533.27,0
SP500TR,2/14/2019,5468.88,5497.58,5444.44,5473.33,5473.33,0
SP500TR,2/13/2019,5480.52,5503.34,5477.19,5485.97,5485.97,0
SP500TR,2/12/2019,5424.9,5475.86,5424.9,5468.98,5468.98,0
SP500TR,2/11/2019,5404.17,5415.34,5387.02,5399,5399,0
SP500TR,2/8/2019,5364.2,5395.17,5343.24,5395.12,5395.12,0
SP500TR,2/7/2019,5412.54,5416.09,5352.25,5389.69,5389.69,0
SP500TR,2/6/2019,5446.64,5452.53,5425.4,5439.8,5439.8,0
SP500TR,2/5/2019,5432.75,5453.93,5424.24,5451.4,5451.4,0
SP500TR,2/4/2019,5389.2,5425.81,5373.87,5425.8,5425.8,0
SP500TR,2/1/2019,5380.81,5409.33,5370.24,5389.19,5389.19,0
SP500TR,1/31/2019,5346.59,5393.26,5333.17,5383.63,5383.63,0
SP500TR,1/30/2019,5282,5355.28,5271.66,5336.6,5336.6,0
SP500TR,1/29/2019,5264.02,5276.05,5236.49,5254.31,5254.31,0
SP500TR,1/28/2019,5264.13,5264.13,5222.73,5261.88,5261.88,0
SP500TR,1/25/2019,5288.93,5318.67,5288.86,5303.51,5303.51,0
SP500TR,1/24/2019,5251.74,5268.23,5228.21,5258.69,5258.69,0
SP500TR,1/23/2019,5260.8,5280.12,5200.02,5251.29,5251.29,0
SP500TR,1/22/2019,5289.45,5289.45,5208.68,5239.75,5239.75,0
SP500TR,1/18/2019,5276.1,5324.19,5269.01,5314.78,5314.78,0
SP500TR,1/17/2019,5192.39,5263.35,5186.58,5245.48,5245.48,0
SP500TR,1/16/2019,5202.76,5224.66,5199.05,5205.45,5205.45,0
SP500TR,1/15/2019,5143.65,5199.24,5143.65,5193.78,5193.78,0
SP500TR,1/14/2019,5134,5151.65,5114.46,5138.58,5138.58,0
SP500TR,1/11/2019,5148.93,5165.16,5127.66,5165.15,5165.15,0
SP500TR,1/10/2019,5119.89,5168.17,5097.19,5165.89,5165.89,0
SP500TR,1/9/2019,5132.77,5162.69,5111.32,5142.66,5142.66,0
SP500TR,1/8/2019,5107.52,5130.77,5066.64,5120.04,5120.04,0
SP500TR,1/7/2019,5042.77,5103.48,5020.83,5070.76,5070.76,0
SP500TR,1/4/2019,4920.88,5047.56,4920.88,5035.45,5035.45,0
SP500TR,1/3/2019,4955.83,4958.06,4860.86,4868.3,4868.3,0
SP500TR,1/2/2019,4924.81,5009.24,4906.15,4990.56,4990.56,0
SP500TR,12/31/2018,4968.5,4988.9,4936.58,4984.22,4984.22,0
SP500TR,12/28/2018,4967.52,5010.16,4916.64,4941.61,4941.61,0
SP500TR,12/27/2018,4854.87,4946.94,4766.39,4946.94,4946.94,0
SP500TR,12/26/2018,4696.63,4904.61,4664.09,4904.49,4904.49,0
SP500TR,12/24/2018,4770.95,4790,4672.66,4672.66,4672.66,0
SP500TR,12/21/2018,4899.41,4976.56,4787.04,4802.51,4802.51,0
SP500TR,12/20/2018,4961.79,4987.34,4851.58,4903.46,4903.46,0
SP500TR,12/19/2018,5061.59,5134.03,4946.93,4981.92,4981.92,0
SP500TR,12/18/2018,5086.65,5114.41,5025.16,5059.34,5059.34,0
SP500TR,12/17/2018,5147.6,5168.14,5028.39,5058.58,5058.58,0
SP500TR,12/14/2018,5224.65,5234.82,5153.63,5165.6,5165.6,0
SP500TR,12/13/2018,5281.68,5304.19,5239.12,5265.46,5265.46,0
SP500TR,12/12/2018,5279.75,5333.79,5264.03,5265.53,5265.53,0
SP500TR,12/11/2018,5292.03,5311.68,5206.46,5237.1,5237.1,0
SP500TR,12/10/2018,5225.06,5257.92,5131.85,5238.7,5238.7,0
SP500TR,12/7/2018,5344.97,5379.12,5210.25,5229.44,5229.44,0
SP500TR,12/6/2018,5289.04,5353.48,5205.72,5353.43,5353.43,0
SP500TR,12/4/2018,5523.41,5530.26,5354.29,5359.91,5359.91,0
SP500TR,12/3/2018,5539.12,5558.16,5505.18,5538.86,5538.86,0
SP500TR,11/30/2018,5434.43,5480.24,5424.72,5478.91,5478.91,0
SP500TR,11/29/2018,5431.92,5465.18,5404.25,5433.49,5433.49,0
SP500TR,11/28/2018,5340.29,5444.36,5326.27,5444.12,5444.12,0
SP500TR,11/27/2018,5284.99,5322.23,5270.81,5321.52,5321.52,0
SP500TR,11/26/2018,5257.59,5305.92,5257.59,5304.17,5304.17,0
SP500TR,11/23/2018,5224.01,5252.07,5219.62,5222.43,5222.43,0
SP500TR,11/21/2018,5272.12,5297.57,5256.6,5256.61,5256.61,0
SP500TR,11/20/2018,5265.45,5294.63,5219.67,5240.23,5240.23,0
SP500TR,11/19/2018,5416.05,5420.86,5317.69,5336.7,5336.7,0
SP500TR,11/16/2018,5391.7,5447.32,5379.34,5426.86,5426.86,0
SP500TR,11/15/2018,5341.69,5424.55,5297.58,5414.43,5414.43,0
SP500TR,11/14/2018,5427.93,5445.51,5324.62,5355.94,5355.94,0
SP500TR,11/13/2018,5410.96,5459.57,5381.32,5395.37,5395.37,0
SP500TR,11/12/2018,5497.75,5501.69,5394.82,5403.19,5403.19,0
SP500TR,11/9/2018,5537.73,5537.73,5478.63,5511.79,5511.79,0
SP500TR,11/8/2018,5561.11,5577.68,5538.73,5562,5562,0
SP500TR,11/7/2018,5494.3,5575.39,5494.3,5573.06,5573.06,0
SP500TR,11/6/2018,5423.49,5459.57,5421.24,5457.25,5457.25,0
SP500TR,11/5/2018,5399.24,5434.34,5382.88,5422.88,5422.88,0
SP500TR,11/2/2018,5436.88,5458.81,5347.75,5392.53,5392.53,0
SP500TR,11/1/2018,5381.2,5428.73,5364.14,5426.33,5426.33,0
SP500TR,10/31/2018,5357.32,5418.85,5357.32,5369.49,5369.49,0
SP500TR,10/30/2018,5228.62,5317.05,5218.09,5311.67,5311.67,0
SP500TR,10/29/2018,5311.26,5359.17,5155.62,5229.28,5229.28,0
SP500TR,10/26/2018,5281.91,5330.45,5203.5,5263.74,5263.74,0
SP500TR,10/25/2018,5295.79,5390.37,5281.96,5356.54,5356.54,0
SP500TR,10/24/2018,5420.5,5429.84,5251.23,5258.61,5258.61,0
SP500TR,10/23/2018,5387.16,5451.4,5328.71,5426.08,5426.08,0
SP500TR,10/22/2018,5491.63,5501.53,5442.69,5455.88,5455.88,0
SP500TR,10/19/2018,5494.9,5538.55,5464.52,5479.3,5479.3,0
SP500TR,10/18/2018,5546.87,5554.72,5454.32,5481.13,5481.13,0
SP500TR,10/17/2018,5565.49,5575.69,5506.39,5560.62,5560.62,0
SP500TR,10/16/2018,5476.96,5568.82,5476.74,5561.8,5561.8,0
SP500TR,10/15/2018,5470.43,5494.39,5441.55,5444.61,5444.61,0
SP500TR,10/12/2018,5483.59,5493.91,5402.36,5476.83,5476.83,0
SP500TR,10/11/2018,5495.53,5531.63,5364.29,5399.54,5399.54,0
SP500TR,10/10/2018,5687.52,5687.52,5511.85,5512.94,5512.94,0
SP500TR,10/9/2018,5704.53,5728.65,5688.31,5700.23,5700.23,0
SP500TR,10/8/2018,5693.01,5716.58,5662.44,5706.66,5706.66,0
SP500TR,10/5/2018,5742.48,5756.52,5676.81,5708.9,5708.9,0
SP500TR,10/4/2018,5775.65,5776.5,5705.57,5740.56,5740.56,0
SP500TR,10/3/2018,5798.71,5814.82,5778.28,5786.48,5786.48,0
SP500TR,10/2/2018,5783.09,5798.14,5774.36,5782.37,5782.37,0
SP500TR,10/1/2018,5787.81,5809.04,5771.24,5784.45,5784.45,0
SP500TR,9/28/2018,5755.61,5776.38,5750.62,5763.42,5763.42,0
SP500TR,9/27/2018,5758.58,5789.31,5753.96,5763.22,5763.22,0
SP500TR,9/26/2018,5768.05,5795.82,5741.88,5746.27,5746.27,0
SP500TR,9/25/2018,5777.47,5781.58,5761.68,5765.25,5765.25,0
SP500TR,9/24/2018,5777.22,5781.03,5759.33,5772.36,5772.36,0
SP500TR,9/21/2018,5806.75,5814.95,5787.81,5792.72,5792.72,0
SP500TR,9/20/2018,5772.95,5802.71,5772.95,5794.72,5794.72,0
SP500TR,9/19/2018,5746.73,5758.02,5741.31,5749.39,5749.39,0
SP500TR,9/18/2018,5715.36,5755.69,5715.36,5742.18,5742.18,0
SP500TR,9/17/2018,5741.02,5742.62,5706.11,5711.29,5711.29,0
SP500TR,9/14/2018,5745.97,5749.74,5725,5743.19,5743.19,0
SP500TR,9/13/2018,5726.27,5745.84,5725.4,5740.75,5740.75,0
SP500TR,9/12/2018,5707.83,5720.35,5689.99,5709.08,5709.08,0
SP500TR,9/11/2018,5674.73,5716.09,5665.29,5706.99,5706.99,0
SP500TR,9/10/2018,5693.77,5704.52,5683.02,5685.34,5685.34,0
SP500TR,9/7/2018,5667.81,5698.52,5660.05,5674.58,5674.58,0
SP500TR,9/6/2018,5707.62,5714.2,5665.49,5686.7,5686.7,0
SP500TR,9/5/2018,5711.76,5716.91,5682.85,5705.86,5705.86,0
SP500TR,9/4/2018,5722.32,5728.56,5699.06,5721.86,5721.86,0
SP500TR,8/31/2018,5724.59,5740.29,5711.52,5730.8,5730.8,0
SP500TR,8/30/2018,5744.87,5751.73,5717.84,5729.45,5729.45,0
SP500TR,8/29/2018,5727.49,5758.84,5723.11,5754,5754,0
SP500TR,8/28/2018,5728.63,5733.18,5713,5720.89,5720.89,0
SP500TR,8/27/2018,5695.52,5722.27,5695.52,5719.3,5719.3,0
SP500TR,8/24/2018,5650.75,5678.01,5650.75,5675.12,5675.12,0
SP500TR,8/23/2018,5646.64,5663.4,5634.53,5640.1,5640.1,0
SP500TR,8/22/2018,5647.66,5660.57,5638.03,5649.31,5649.31,0
SP500TR,8/21/2018,5648.54,5671.5,5648.16,5651.39,5651.39,0
SP500TR,8/20/2018,5633.36,5644.88,5626.89,5639.53,5639.53,0
SP500TR,8/17/2018,5602.35,5636.41,5593.28,5625.66,5625.66,0
SP500TR,8/16/2018,5588.31,5625.9,5588.31,5606.56,5606.56,0
SP500TR,8/15/2018,5579.74,5579.74,5529.67,5560.85,5560.85,0
SP500TR,8/14/2018,5578.6,5608.62,5576.08,5602.41,5602.41,0
SP500TR,8/13/2018,5593.06,5608.69,5562.37,5566.36,5566.36,0
SP500TR,8/10/2018,5601.18,5606.21,5574,5588.66,5588.66,0
SP500TR,8/9/2018,5634.11,5644.42,5623.87,5627,5627,0
SP500TR,8/8/2018,5631.87,5642.99,5624.65,5633.67,5633.67,0
SP500TR,8/7/2018,5629.98,5644.68,5629.98,5634.98,5634.98,0
SP500TR,8/6/2018,5599.14,5624.71,5590.78,5619.05,5619.05,0
SP500TR,8/3/2018,5577.55,5598.77,5573.17,5598.71,5598.71,0
SP500TR,8/2/2018,5519.39,5577.39,5511.3,5572.08,5572.08,0
SP500TR,8/1/2018,5559.58,5568.66,5529.39,5544.19,5544.19,0
SP500TR,7/31/2018,5537.04,5566.01,5533.75,5549.96,5549.96,0
SP500TR,7/30/2018,5555.11,5560.38,5513.96,5522.81,5522.81,0
SP500TR,7/27/2018,5600.68,5602.3,5533.95,5554.31,5554.31,0
SP500TR,7/26/2018,5587.15,5606.97,5587,5590.99,5590.99,0
SP500TR,7/25/2018,5552.16,5611.49,5552.16,5607.99,5607.99,0
SP500TR,7/24/2018,5557.92,5576.22,5539.09,5557.37,5557.37,0
SP500TR,7/23/2018,5515.26,5533.8,5507.5,5530.66,5530.66,0
SP500TR,7/20/2018,5525.86,5535.94,5516.95,5520.5,5520.5,0
SP500TR,7/19/2018,5535.12,5540.41,5516.22,5525.51,5525.51,0
SP500TR,7/18/2018,5538.46,5549,5527.75,5546.86,5546.86,0
SP500TR,7/17/2018,5495.09,5544.05,5495.09,5534.91,5534.91,0
SP500TR,7/16/2018,5518.81,5523.07,5503.01,5512.92,5512.92,0
SP500TR,7/13/2018,5509.7,5524.64,5499.38,5518.33,5518.33,0
SP500TR,7/12/2018,5482.53,5513.97,5479.41,5512.36,5512.36,0
SP500TR,7/11/2018,5475.43,5487.41,5457.64,5464.01,5464.01,0
SP500TR,7/10/2018,5492.65,5506.46,5488.2,5503.05,5503.05,0
SP500TR,7/9/2018,5453.05,5484.83,5453.05,5483.89,5483.89,0
SP500TR,7/6/2018,5390.75,5443.39,5382.57,5434.36,5434.36,0
SP500TR,7/5/2018,5363.82,5390.67,5347.85,5388.28,5388.28,0
SP500TR,7/3/2018,5380.4,5386.93,5336.89,5340.93,5340.93,0
SP500TR,7/2/2018,5324.65,5368.57,5312.84,5367.49,5367.49,0
SP500TR,6/29/2018,5368.07,5399.8,5350.83,5350.83,5350.83,0
SP500TR,6/28/2018,5311.76,5362.24,5298.65,5346.44,5346.44,0
SP500TR,6/27/2018,5369.62,5404.33,5312.89,5312.89,5312.89,0
SP500TR,6/26/2018,5357.15,5378.4,5344.37,5359.01,5359.01,0
SP500TR,6/25/2018,5398.14,5398.14,5311.06,5347.23,5347.23,0
SP500TR,6/22/2018,5433.26,5439.85,5418.11,5421.63,5421.63,0
SP500TR,6/21/2018,5449.82,5449.82,5400.86,5411.4,5411.4,0
SP500TR,6/20/2018,5450.17,5460.21,5438.79,5445.43,5445.43,0
SP500TR,6/19/2018,5415.3,5440.5,5397.94,5436.13,5436.13,0
SP500TR,6/18/2018,5442.18,5460.14,5425.22,5457.83,5457.83,0
SP500TR,6/15/2018,5465.66,5475.56,5434.48,5469.37,5469.37,0
SP500TR,6/14/2018,5475.79,5487.29,5462.63,5474.37,5474.37,0
SP500TR,6/13/2018,5483.42,5490.37,5457.99,5459.21,5459.21,0
SP500TR,6/12/2018,5478.6,5486.84,5465.22,5481.07,5481.07,0
SP500TR,6/11/2018,5467.7,5487.42,5467.7,5471.29,5471.29,0
SP500TR,6/8/2018,5439.48,5465.83,5435.24,5465.42,5465.42,0
SP500TR,6/7/2018,5456.97,5466.78,5428.13,5448.18,5448.18,0
SP500TR,6/6/2018,5413.54,5451.09,5404.19,5451.09,5451.09,0
SP500TR,6/5/2018,5403.97,5412.12,5386.41,5404.62,5404.62,0
SP500TR,6/4/2018,5390.28,5404.92,5388.19,5400.5,5400.5,0
SP500TR,6/1/2018,5344.99,5380.84,5344.99,5376.29,5376.29,0
SP500TR,5/31/2018,5348.97,5351.83,5309.18,5318.1,5318.1,0
SP500TR,5/30/2018,5311.36,5364.21,5311.36,5353.76,5353.76,0
SP500TR,5/29/2018,5315.67,5326.56,5260.06,5285.7,5285.7,0
SP500TR,5/25/2018,5351.78,5358.98,5334.93,5347.31,5347.31,0
SP500TR,5/24/2018,5365.57,5367.41,5319.29,5359.32,5359.32,0
SP500TR,5/23/2018,5332.04,5369.99,5323.34,5369.99,5369.99,0
SP500TR,5/22/2018,5379.74,5387.38,5347.41,5352.45,5352.45,0
SP500TR,5/21/2018,5355.32,5381.26,5354.85,5369.19,5369.19,0
SP500TR,5/18/2018,5338.26,5342.48,5322.36,5329.66,5329.66,0
SP500TR,5/17/2018,5342.47,5366.53,5326.08,5343.29,5343.29,0
SP500TR,5/16/2018,5327.01,5356.7,5327.01,5346.33,5346.33,0
SP500TR,5/15/2018,5337.26,5337.26,5304.7,5323.23,5323.23,0
SP500TR,5/14/2018,5366.02,5383.13,5350.61,5359.66,5359.66,0
SP500TR,5/11/2018,5344.85,5364.78,5334.73,5354.69,5354.69,0
SP500TR,5/10/2018,5308.29,5349.68,5307.36,5343.7,5343.7,0
SP500TR,5/9/2018,5254.3,5299.7,5246.53,5292.9,5292.9,0
SP500TR,5/8/2018,5238.27,5249.92,5208.8,5241.53,5241.53,0
SP500TR,5/7/2018,5236.45,5263.69,5227.38,5242.87,5242.87,0
SP500TR,5/4/2018,5142.39,5239.31,5130.46,5224.71,5224.71,0
SP500TR,5/3/2018,5154.46,5172.15,5089.09,5157.7,5157.7,0
SP500TR,5/2/2018,5205.21,5218.19,5161.28,5168.79,5168.79,0
SP500TR,5/1/2018,5184.42,5207.05,5148.74,5206.31,5206.31,0
SP500TR,4/30/2018,5245.99,5261.31,5193.03,5193.04,5193.04,0
SP500TR,4/27/2018,5246.63,5250.08,5214.4,5235.73,5235.73,0
SP500TR,4/26/2018,5199.62,5248.29,5190.87,5229.61,5229.61,0
SP500TR,4/25/2018,5166.81,5187.04,5123.32,5175.59,5175.59,0
SP500TR,4/24/2018,5256.77,5262.02,5132.6,5166.1,5166.1,0
SP500TR,4/23/2018,5246.05,5260.69,5211.98,5236.04,5236.04,0
SP500TR,4/20/2018,5279.7,5282.39,5217.06,5235.75,5235.75,0
SP500TR,4/19/2018,5296.31,5299.5,5258.6,5280.57,5280.57,0
SP500TR,4/18/2018,5313.2,5327.62,5300.72,5310.32,5310.32,0
SP500TR,4/17/2018,5279.15,5319.54,5278.07,5305.9,5305.9,0
SP500TR,4/16/2018,5234.76,5266.89,5225.12,5249.94,5249.94,0
SP500TR,4/13/2018,5247.96,5254.32,5185.88,5207.57,5207.57,0
SP500TR,4/12/2018,5202.62,5243.58,5202.62,5222.55,5222.55,0
SP500TR,4/11/2018,5182.51,5216.85,5173.49,5179.19,5179.19,0
SP500TR,4/10/2018,5171.55,5224.51,5166.4,5207.73,5207.73,0
SP500TR,4/9/2018,5129.77,5200.99,5117.26,5121.9,5121.9,0
SP500TR,4/6/2018,5184.38,5205.93,5068.23,5103.35,5103.35,0
SP500TR,4/5/2018,5206.89,5235.73,5191.85,5217.62,5217.62,0
SP500TR,4/4/2018,5062.5,5191.31,5042.42,5181.31,5181.31,0
SP500TR,4/3/2018,5078.06,5130.84,5045.56,5121.7,5121.7,0
SP500TR,4/2/2018,5158.7,5168.21,5002.71,5057.69,5057.69,0
SP500TR,3/29/2018,5121.37,5208.86,5112.36,5173.19,5173.19,0
SP500TR,3/28/2018,5115.02,5156.83,5079.52,5102.69,5102.69,0
SP500TR,3/27/2018,5224.37,5238.24,5084.42,5116.75,5116.75,0
SP500TR,3/26/2018,5129.92,5212.15,5095.89,5206.69,5206.69,0
SP500TR,3/23/2018,5183.49,5204.9,5064.43,5069.03,5069.03,0
SP500TR,3/22/2018,5270.87,5278.83,5173.56,5177.52,5177.52,0
SP500TR,3/21/2018,5316.95,5364.13,5306.85,5310.96,5310.96,0
SP500TR,3/20/2018,5316.49,5334.36,5306.79,5320.2,5320.2,0
SP500TR,3/19/2018,5367.96,5367.96,5276.47,5312.23,5312.23,0
SP500TR,3/16/2018,5385.91,5407.9,5384.76,5388.74,5388.74,0
SP500TR,3/15/2018,5392.99,5410.06,5367.91,5379.39,5379.39,0
SP500TR,3/14/2018,5431.38,5437.1,5373.5,5383.27,5383.27,0
SP500TR,3/13/2018,5465.61,5484.36,5399.78,5412.75,5412.75,0
SP500TR,3/12/2018,5461.82,5474.43,5439.8,5447.1,5447.1,0
SP500TR,3/9/2018,5388.16,5454.03,5385.81,5454.03,5454.03,0
SP500TR,3/8/2018,5348.57,5363.63,5328.99,5360.73,5360.73,0
SP500TR,3/7/2018,5302.95,5342.87,5286.52,5335.47,5335.47,0
SP500TR,3/6/2018,5341.72,5345.44,5304.7,5337.69,5337.69,0
SP500TR,3/5/2018,5245.34,5337.24,5235.09,5323.36,5323.36,0
SP500TR,3/2/2018,5201.94,5275.02,5179.29,5265.24,5265.24,0
SP500TR,3/1/2018,5311.62,5341.87,5202.94,5238.18,5238.18,0
SP500TR,2/28/2018,5386.21,5401.07,5307.51,5308.09,5308.09,0
SP500TR,2/27/2018,5437.81,5454.77,5366.96,5367.09,5367.09,0
SP500TR,2/26/2018,5391.92,5437.42,5384.9,5435.38,5435.38,0
SP500TR,2/23/2018,5309.99,5372.18,5305.95,5371.56,5371.56,0
SP500TR,2/22/2018,5299.12,5339.66,5274.4,5286.49,5286.49,0
SP500TR,2/21/2018,5318.45,5371,5280.89,5280.91,5280.91,0
SP500TR,2/20/2018,5323.15,5351.72,5291.44,5309.99,5309.99,0
SP500TR,2/16/2018,5330.89,5384.22,5326.98,5340.82,5340.82,0
SP500TR,2/15/2018,5303.68,5338.74,5258.12,5338.35,5338.35,0
SP500TR,2/14/2018,5180.78,5279.9,5176.31,5273.43,5273.43,0
SP500TR,2/13/2018,5169.66,5213.66,5152.45,5202.22,5202.22,0
SP500TR,2/12/2018,5150.78,5220.64,5122.86,5188.37,5188.37,0
SP500TR,2/9/2018,5082.3,5153.96,4947.99,5116.99,5116.99,0
SP500TR,2/8/2018,5243.12,5243.12,5039.73,5040.06,5040.06,0
SP500TR,2/7/2018,5253.97,5325.66,5235.19,5235.84,5235.84,0
SP500TR,2/6/2018,5105.13,5273.53,5063.24,5262.02,5262.02,0
SP500TR,2/5/2018,5351.1,5394.7,5150.68,5171.26,5171.26,0
SP500TR,2/2/2018,5483.56,5483.56,5388.35,5392.21,5392.21,0
SP500TR,2/1/2018,5497.92,5535.85,5490.89,5508.7,5508.7,0
SP500TR,1/31/2018,5528,5541.33,5490.2,5511.21,5511.21,0
SP500TR,1/30/2018,5528.46,5538.17,5500.48,5508.36,5508.36,0
SP500TR,1/29/2018,5595.4,5601.75,5564.95,5568.67,5568.67,0
SP500TR,1/26/2018,5556.55,5606.08,5554.13,5606.08,5606.08,0
SP500TR,1/25/2018,5554.02,5558.45,5524.7,5540.38,5540.38,0
SP500TR,1/24/2018,5552.41,5567.09,5512.18,5537.03,5537.03,0
SP500TR,1/23/2018,5532.17,5546.18,5524.01,5540.13,5540.13,0
SP500TR,1/22/2018,5481.42,5528,5479.4,5527.89,5527.89,0
SP500TR,1/19/2018,5468.55,5483.62,5459.84,5483.57,5483.57,0
SP500TR,1/18/2018,5468.02,5474.71,5448.89,5459.5,5459.5,0
SP500TR,1/17/2018,5433.57,5476.58,5420.77,5467.85,5467.85,0
SP500TR,1/16/2018,5460.83,5477.43,5402.12,5416.86,5416.86,0
SP500TR,1/12/2018,5404.58,5439.05,5403.79,5435.92,5435.92,0
SP500TR,1/11/2018,5371.01,5399.46,5370.71,5399.46,5399.46,0
SP500TR,1/10/2018,5356.12,5366.23,5337.66,5361.33,5361.33,0
SP500TR,1/9/2018,5367,5382.58,5360.58,5367.26,5367.26,0
SP500TR,1/8/2018,5348.85,5360.24,5338.95,5358.68,5358.68,0
SP500TR,1/5/2018,5326.64,5350.24,5320.07,5349.69,5349.69,0
SP500TR,1/4/2018,5303.21,5322.58,5302.78,5312.33,5312.33,0
SP500TR,1/3/2018,5260.27,5292.48,5260.19,5289.92,5289.92,0
SP500TR,1/2/2018,5232.72,5256.4,5230.06,5256.28,5256.28,0
SP500TR,12/29/2017,5243.06,5248.86,5212.76,5212.76,5212.76,0
SP500TR,12/28/2017,5236.79,5239.77,5230.16,5239.59,5239.59,0
SP500TR,12/27/2017,5228.01,5234.88,5221.78,5229.01,5229.01,0
SP500TR,12/26/2017,5221.75,5228.84,5219.61,5224.51,5224.51,0
SP500TR,12/22/2017,5231.52,5233.69,5219.69,5229.79,5229.79,0
SP500TR,12/21/2017,5229.14,5247.85,5227.93,5232.16,5232.16,0
SP500TR,12/20/2017,5239.2,5244.67,5215.85,5221.79,5221.79,0
SP500TR,12/19/2017,5247.33,5250.62,5224.05,5225.43,5225.43,0
SP500TR,12/18/2017,5234.03,5251.39,5234.03,5242.28,5242.28,0
SP500TR,12/15/2017,5184.53,5221.56,5182.64,5214.1,5214.1,0
SP500TR,12/14/2017,5194.44,5198.71,5167.45,5167.45,5167.45,0
SP500TR,12/13/2017,5196.93,5205.29,5187.68,5187.68,5187.68,0
SP500TR,12/12/2017,5185.34,5200.9,5181.54,5189.96,5189.96,0
SP500TR,12/11/2017,5166.56,5182.43,5165.17,5181.75,5181.75,0
SP500TR,12/8/2017,5154.88,5165.46,5150.84,5165.19,5165.19,0
SP500TR,12/7/2017,5119.64,5144.16,5116.73,5136.37,5136.37,0
SP500TR,12/6/2017,5114.56,5130.26,5111.82,5120.46,5120.46,0
SP500TR,12/5/2017,5140.79,5158.06,5117.37,5120.92,5120.92,0
SP500TR,12/4/2017,5174.49,5190.07,5139.13,5139.91,5139.91,0
SP500TR,12/1/2017,5150.83,5161.53,5074.14,5145.21,5145.21,0
SP500TR,11/30/2017,5128.87,5174.64,5128.87,5155.44,5155.44,0
SP500TR,11/29/2017,5115.1,5128.79,5100.53,5111.68,5111.68,0
SP500TR,11/28/2017,5071.85,5114.14,5070.88,5112.91,5112.91,0
SP500TR,11/27/2017,5065.25,5072.42,5057.91,5062.85,5062.85,0
SP500TR,11/24/2017,5060.33,5067.7,5060.33,5064.23,5064.23,0
SP500TR,11/22/2017,5059.88,5060.97,5050.05,5053.6,5053.6,0
SP500TR,11/21/2017,5037.76,5061.16,5037.76,5056.95,5056.95,0
SP500TR,11/20/2017,5018.86,5028.66,5016.42,5024.01,5024.01,0
SP500TR,11/17/2017,5025.41,5027.38,5015.05,5017.45,5017.45,0
SP500TR,11/16/2017,5005.78,5039.1,5005.78,5030.48,5030.48,0
SP500TR,11/15/2017,4997.35,5003.89,4974.38,4987.96,4987.96,0
SP500TR,11/14/2017,5012.35,5016.06,4990.62,5014.53,5014.53,0
SP500TR,11/13/2017,5009.18,5030.82,5005.27,5025.36,5025.36,0
SP500TR,11/10/2017,5016.19,5023.23,5007.41,5020.31,5020.31,0
SP500TR,11/9/2017,5021.8,5026.55,4987.46,5023.01,5023.01,0
SP500TR,11/8/2017,5029.73,5042.86,5022.66,5040.74,5040.74,0
SP500TR,11/7/2017,5036.23,5045.78,5021.23,5033.38,5033.38,0
SP500TR,11/6/2017,5027.2,5038.66,5023.83,5034.3,5034.3,0
SP500TR,11/3/2017,5016.01,5028.62,5005.99,5027.49,5027.49,0
SP500TR,11/2/2017,5010.71,5013.93,4985.05,5011.48,5011.48,0
SP500TR,11/1/2017,5017.47,5027.48,5001.41,5009.99,5009.99,0
SP500TR,10/31/2017,5003.44,5007.91,4995.98,5002.03,5002.03,0
SP500TR,10/30/2017,5006.7,5011.1,4988.29,4997.15,4997.15,0
SP500TR,10/27/2017,4991.77,5016.43,4983.41,5012.75,5012.75,0
SP500TR,10/26/2017,4971.97,4985.49,4971.44,4972.6,4972.6,0
SP500TR,10/25/2017,4984.49,4986.16,4940.76,4966.29,4966.29,0
SP500TR,10/24/2017,4988.65,4995.47,4982.72,4989.56,4989.56,0
SP500TR,10/23/2017,5006.8,5006.8,4980.13,4981.37,4981.37,0
SP500TR,10/20/2017,4986.26,5001.56,4986.26,5001.11,5001.11,0
SP500TR,10/19/2017,4958.4,4975.81,4947.89,4975.32,4975.32,0
SP500TR,10/18/2017,4976.39,4978.72,4970.2,4973.28,4973.28,0
SP500TR,10/17/2017,4965.14,4969.99,4960.48,4969.38,4969.38,0
SP500TR,10/16/2017,4962.03,4969.53,4956.38,4966.05,4966.05,0
SP500TR,10/13/2017,4962.1,4965.92,4955.17,4957.27,4957.27,0
SP500TR,10/12/2017,4956.63,4961.37,4947.77,4952.85,4952.85,0
SP500TR,10/11/2017,4951.82,4960.79,4946.65,4960.79,4960.79,0
SP500TR,10/10/2017,4950.5,4960.67,4940.58,4951.77,4951.77,0
SP500TR,10/9/2017,4953.09,4953.85,4934.12,4940.16,4940.16,0
SP500TR,10/6/2017,4945.42,4949.25,4938.44,4949.09,4949.09,0
SP500TR,10/5/2017,4931.1,4953.65,4929.49,4952.85,4952.85,0
SP500TR,10/4/2017,4915.93,4929.55,4912.73,4924.19,4924.19,0
SP500TR,10/3/2017,4909.5,4918.77,4906.64,4917.73,4917.73,0
SP500TR,10/2/2017,4891.56,4907.13,4890.03,4906.92,4906.92,0
SP500TR,9/29/2017,4869.73,4888,4866.04,4887.97,4887.97,0
SP500TR,9/28/2017,4856.9,4871.25,4855.96,4869.81,4869.81,0
SP500TR,9/27/2017,4855.67,4871.92,4841.39,4862.93,4862.93,0
SP500TR,9/26/2017,4851.28,4856.03,4839.94,4843.14,4843.14,0
SP500TR,9/25/2017,4847.71,4853.8,4825.66,4842.41,4842.41,0
SP500TR,9/22/2017,4843.58,4855.61,4842.81,4853.2,4853.2,0
SP500TR,9/21/2017,4862.66,4862.66,4846.93,4849.95,4849.95,0
SP500TR,9/20/2017,4861.89,4865.8,4842.19,4864.61,4864.61,0
SP500TR,9/19/2017,4860.83,4863.84,4854.94,4861.52,4861.52,0
SP500TR,9/18/2017,4853.44,4864.55,4848.42,4856.08,4856.08,0
SP500TR,9/15/2017,4840,4848.84,4835.2,4848.84,4848.84,0
SP500TR,9/14/2017,4837.23,4844.73,4831.16,4839.29,4839.29,0
SP500TR,9/13/2017,4834.35,4843.05,4830.97,4843.04,4843.04,0
SP500TR,9/12/2017,4830.5,4839.86,4827.46,4839.31,4839.31,0
SP500TR,9/11/2017,4796.46,4824.43,4796.46,4822.8,4822.8,0
SP500TR,9/8/2017,4772.61,4782.03,4767.14,4771.02,4771.02,0
SP500TR,9/7/2017,4783.66,4784.75,4768.62,4777.93,4777.93,0
SP500TR,9/6/2017,4774.38,4785.63,4765.51,4777.69,4777.69,0
SP500TR,9/5/2017,4786.97,4790.1,4741.05,4762.75,4762.75,0
SP500TR,9/1/2017,4794.86,4806.41,4793.83,4798.99,4798.99,0
SP500TR,8/31/2017,4771.73,4795.61,4771.73,4789.18,4789.18,0
SP500TR,8/30/2017,4739.4,4766.98,4734.96,4761.72,4761.72,0
SP500TR,8/29/2017,4710.82,4744.17,4703.58,4738.62,4738.62,0
SP500TR,8/28/2017,4740,4743.41,4723.89,4733.97,4733.97,0
SP500TR,8/25/2017,4734.71,4752.41,4729.88,4731.46,4731.46,0
SP500TR,8/24/2017,4740.34,4745.09,4717.65,4723.03,4723.03,0
SP500TR,8/23/2017,4734.37,4742.17,4727.68,4732.76,4732.76,0
SP500TR,8/22/2017,4712.41,4753.11,4712.41,4748.73,4748.73,0
SP500TR,8/21/2017,4696.27,4706.1,4680.53,4701.82,4701.82,0
SP500TR,8/18/2017,4700.26,4724.58,4686.84,4696.22,4696.22,0
SP500TR,8/17/2017,4768.51,4772.51,4704.73,4704.73,4704.73,0
SP500TR,8/16/2017,4779.28,4791.4,4770.19,4778.28,4778.28,0
SP500TR,8/15/2017,4777.98,4778.45,4764.35,4770.15,4770.15,0
SP500TR,8/14/2017,4750.38,4776.04,4750.38,4771.43,4771.43,0
SP500TR,8/11/2017,4723.19,4736.79,4717.12,4723.73,4723.73,0
SP500TR,8/10/2017,4769.96,4769.96,4716.63,4717.4,4717.4,0
SP500TR,8/9/2017,4768.17,4785.59,4761.88,4784.94,4784.94,0
SP500TR,8/8/2017,4792.76,4816.97,4777.26,4786.12,4786.12,0
SP500TR,8/7/2017,4789.84,4797.15,4787.42,4797.13,4797.13,0
SP500TR,8/4/2017,4789.21,4795.2,4779.95,4789.11,4789.11,0
SP500TR,8/3/2017,4787.48,4787.48,4773.62,4779.99,4779.99,0
SP500TR,8/2/2017,4794.98,4794.98,4768.28,4789.54,4789.54,0
SP500TR,8/1/2017,4787.73,4790.45,4776.21,4786.27,4786.27,0
SP500TR,7/31/2017,4785.46,4789.36,4771.2,4774.56,4774.56,0
SP500TR,7/28/2017,4772.25,4780.78,4763.74,4778.02,4778.02,0
SP500TR,7/27/2017,4798.44,4800.75,4755.37,4784.26,4784.26,0
SP500TR,7/26/2017,4792.55,4795.1,4782.83,4788.41,4788.41,0
SP500TR,7/25/2017,4788.5,4795,4782.77,4787.04,4787.04,0
SP500TR,7/24/2017,4777.21,4779.27,4766.2,4773.1,4773.1,0
SP500TR,7/21/2017,4768.15,4778.08,4763.64,4778.07,4778.07,0
SP500TR,7/20/2017,4783.92,4787.77,4770.32,4779.84,4779.84,0
SP500TR,7/19/2017,4760.97,4780.25,4760.97,4780.25,4780.25,0
SP500TR,7/18/2017,4745.14,4754.84,4734.53,4754.27,4754.27,0
SP500TR,7/17/2017,4752.02,4758.42,4747.56,4751.33,4751.33,0
SP500TR,7/14/2017,4731.9,4759.55,4727.38,4751.43,4751.43,0
SP500TR,7/13/2017,4723.75,4732.09,4717.41,4729.25,4729.25,0
SP500TR,7/12/2017,4705.79,4725.13,4705.79,4720.28,4720.28,0
SP500TR,7/11/2017,4689.17,4692.93,4661.14,4685.64,4685.64,0
SP500TR,7/10/2017,4683.59,4698.06,4679.5,4689.25,4689.25,0
SP500TR,7/7/2017,4662.36,4688.22,4662.36,4684.88,4684.88,0
SP500TR,7/6/2017,4681.46,4682.99,4651.21,4655.02,4655.02,0
SP500TR,7/5/2017,4693.94,4701.9,4677.31,4697.34,4697.34,0
SP500TR,7/3/2017,4694.19,4709.16,4688.99,4689.61,4689.61,0
SP500TR,6/30/2017,4689.55,4696.22,4674.97,4678.36,4678.36,0
SP500TR,6/29/2017,4714.75,4715.41,4644.07,4670.96,4670.96,0
SP500TR,6/28/2017,4688.19,4715.72,4687.01,4711.33,4711.33,0
SP500TR,6/27/2017,4702,4709.19,4669.27,4669.27,4669.27,0
SP500TR,6/26/2017,4715.47,4729.16,4703.34,4707.27,4707.27,0
SP500TR,6/23/2017,4698.69,4711.71,4691.92,4705.73,4705.73,0
SP500TR,6/22/2017,4704.01,4712.14,4696.07,4698.4,4698.4,0
SP500TR,6/21/2017,4707.64,4713.17,4691.1,4700.5,4700.5,0
SP500TR,6/20/2017,4729.13,4729.13,4702,4702.82,4702.82,0
SP500TR,6/19/2017,4713.43,4735.11,4712.08,4734.48,4734.48,0
SP500TR,6/16/2017,4691.54,4695.24,4675.42,4695.23,4695.23,0
SP500TR,6/15/2017,4677.81,4696.72,4667.1,4693.86,4693.86,0
SP500TR,6/14/2017,4714.78,4714.78,4685.5,4703.53,4703.53,0
SP500TR,6/13/2017,4695.92,4710.04,4690.44,4707.88,4707.88,0
SP500TR,6/12/2017,4678.76,4687.36,4667.36,4685.54,4685.54,0
SP500TR,6/9/2017,4698.7,4717.6,4660.18,4689.79,4689.79,0
SP500TR,6/8/2017,4694.6,4704.19,4682.39,4693.67,4693.67,0
SP500TR,6/7/2017,4690.16,4696.37,4676.14,4692.29,4692.29,0
SP500TR,6/6/2017,4688.96,4697.16,4681.72,4683.96,4683.96,0
SP500TR,6/5/2017,4700.35,4703.64,4693.63,4697,4697,0
SP500TR,6/2/2017,4687.54,4704.75,4680.68,4702.56,4702.56,0
SP500TR,6/1/2017,4657.33,4685.11,4653.31,4685.11,4685.11,0
SP500TR,5/31/2017,4656.72,4657.33,4633.59,4649.34,4649.34,0
SP500TR,5/30/2017,4648.37,4655.26,4644.14,4650.76,4650.76,0
SP500TR,5/26/2017,4653.11,4657.28,4648.72,4655.65,4655.65,0
SP500TR,5/25/2017,4642.95,4660.46,4640.09,4653.59,4653.59,0
SP500TR,5/24/2017,4626.64,4634.6,4620.06,4632.37,4632.37,0
SP500TR,5/23/2017,4618.04,4625.37,4612.01,4620.7,4620.7,0
SP500TR,5/22/2017,4599,4614.88,4598.44,4612.12,4612.12,0
SP500TR,5/19/2017,4568.4,4602.45,4567.76,4588.35,4588.35,0
SP500TR,5/18/2017,4536.15,4576.58,4532.45,4557.41,4557.41,0
SP500TR,5/17/2017,4590.49,4594.18,4539.2,4540.58,4540.58,0
SP500TR,5/16/2017,4630.71,4632.93,4614.36,4623.26,4623.26,0
SP500TR,5/15/2017,4609.45,4628.84,4609.45,4625.51,4625.51,0
SP500TR,5/12/2017,4605.94,4605.94,4595.82,4602.96,4602.96,0
SP500TR,5/11/2017,4610.46,4612.03,4585.29,4609.69,4609.69,0
SP500TR,5/10/2017,4612.74,4618.31,4605.04,4618.19,4618.19,0
SP500TR,5/9/2017,4620.17,4624.48,4602.64,4611.21,4611.21,0
SP500TR,5/8/2017,4616.82,4619.52,4605.29,4615.73,4615.73,0
SP500TR,5/5/2017,4601.79,4615.1,4596.13,4615.09,4615.09,0
SP500TR,5/4/2017,4596.76,4599.81,4578.66,4596.24,4596.24,0
SP500TR,5/3/2017,4590.17,4596.54,4577.29,4593.32,4593.32,0
SP500TR,5/2/2017,4598.02,4601.61,4588.25,4598.24,4598.24,0
SP500TR,5/1/2017,4593.11,4604.59,4586.13,4592.78,4592.78,0
SP500TR,4/28/2017,4603.06,4603.06,4581.33,4584.82,4584.82,0
SP500TR,4/27/2017,4595.36,4599.9,4581.88,4593.57,4593.57,0
SP500TR,4/26/2017,4593.51,4611.16,4589.47,4590.56,4590.56,0
SP500TR,4/25/2017,4579.08,4600.18,4578.62,4592.74,4592.74,0
SP500TR,4/24/2017,4557.59,4570.37,4555.43,4564.93,4564.93,0
SP500TR,4/21/2017,4527.52,4530.27,4507.97,4515.9,4515.9,0
SP500TR,4/20/2017,4504.35,4540.21,4500.93,4529.65,4529.65,0
SP500TR,4/19/2017,4512.13,4523.25,4489.62,4495.56,4495.56,0
SP500TR,4/18/2017,4503.32,4514.26,4488,4502.66,4502.66,0
SP500TR,4/17/2017,4484.14,4515.9,4483.99,4515.65,4515.65,0
SP500TR,4/13/2017,4502.11,4514.13,4477.06,4477.07,4477.07,0
SP500TR,4/12/2017,4521.65,4522.67,4500.66,4507.76,4507.76,0
SP500TR,4/11/2017,4524.98,4527.43,4493.16,4524.71,4524.71,0
SP500TR,4/10/2017,4530.56,4548.21,4519.68,4530.57,4530.57,0
SP500TR,4/7/2017,4529.21,4542.86,4518.05,4527.2,4527.2,0
SP500TR,4/6/2017,4523.82,4543.74,4514.54,4530.93,4530.93,0
SP500TR,4/5/2017,4547.07,4569.53,4516.19,4520.86,4520.86,0
SP500TR,4/4/2017,4523.88,4534.91,4516.24,4534.25,4534.25,0
SP500TR,4/3/2017,4537.71,4544.43,4503.9,4530.98,4530.98,0
SP500TR,3/31/2017,4542.25,4552.85,4538.02,4538.21,4538.21,0
SP500TR,3/30/2017,4535.5,4552.96,4530.37,4548.46,4548.46,0
SP500TR,3/29/2017,4526.19,4539.27,4519.32,4535.01,4535.01,0
SP500TR,3/28/2017,4493.12,4539.19,4488.97,4529.17,4529.17,0
SP500TR,3/27/2017,4472.56,4502.88,4459.5,4496.53,4496.53,0
SP500TR,3/24/2017,4513.48,4524.51,4485.43,4501.11,4501.11,0
SP500TR,3/23/2017,4504.94,4529.77,4498.01,4504.92,4504.92,0
SP500TR,3/22/2017,4499.18,4516.06,4486.61,4509.65,4509.65,0
SP500TR,3/21/2017,4568.76,4573.68,4496.95,4500.98,4500.98,0
SP500TR,3/20/2017,4566.28,4568.72,4549.84,4557.12,4557.12,0
SP500TR,3/17/2017,4576.65,4580.41,4565.01,4566.17,4566.17,0
SP500TR,3/16/2017,4584.31,4584.96,4564.17,4572.16,4572.16,0
SP500TR,3/15/2017,4550.79,4588.5,4548.14,4579.44,4579.44,0
SP500TR,3/14/2017,4547.2,4547.2,4527.33,4541.26,4541.26,0
SP500TR,3/13/2017,4552.77,4558.03,4546.94,4556.44,4556.44,0
SP500TR,3/10/2017,4553.13,4561.46,4535.02,4553.28,4553.28,0
SP500TR,3/9/2017,4535.71,4546.44,4518.6,4538.36,4538.36,0
SP500TR,3/8/2017,4547.79,4554.05,4530.99,4534.68,4534.68,0
SP500TR,3/7/2017,4548.25,4556.56,4538.22,4543.75,4543.75,0
SP500TR,3/6/2017,4556.57,4563.41,4542.68,4556.72,4556.72,0
SP500TR,3/3/2017,4567.39,4573.06,4556.82,4571.6,4571.6,0
SP500TR,3/2/2017,4593.79,4593.79,4565.9,4569.17,4569.17,0
SP500TR,3/1/2017,4565.38,4605.27,4565.38,4595.73,4595.73,0
SP500TR,2/28/2017,4537.61,4540.87,4523.99,4532.93,4532.93,0
SP500TR,2/27/2017,4535.84,4547.92,4529.4,4544.51,4544.51,0
SP500TR,2/24/2017,4516.98,4539.25,4511.65,4539.25,4539.25,0
SP500TR,2/23/2017,4538.47,4539.92,4514.68,4531.39,4531.39,0
SP500TR,2/22/2017,4525.69,4533.33,4520.38,4528.97,4528.97,0
SP500TR,2/21/2017,4513.39,4535.99,4513.39,4533.46,4533.46,0
SP500TR,2/17/2017,4490.58,4506.2,4484.08,4506.2,4506.2,0
SP500TR,2/16/2017,4503.19,4506.37,4482.61,4498.56,4498.56,0
SP500TR,2/15/2017,4475.8,4505.92,4474.4,4501.99,4501.99,0
SP500TR,2/14/2017,4457.02,4478.98,4449.49,4478.98,4478.98,0
SP500TR,2/13/2017,4447.32,4466.18,4446.76,4459.83,4459.83,0
SP500TR,2/10/2017,4428.09,4441.4,4425.89,4435.42,4435.42,0
SP500TR,2/9/2017,4398.01,4425.5,4398.01,4419.4,4419.4,0
SP500TR,2/8/2017,4383.52,4395.69,4375.59,4393.31,4393.31,0
SP500TR,2/7/2017,4394.21,4400.96,4383.3,4388.87,4388.87,0
SP500TR,2/6/2017,4390.97,4394.6,4380.04,4387.67,4387.67,0
SP500TR,2/3/2017,4379.96,4398.58,4378.72,4396.95,4396.95,0
SP500TR,2/2/2017,4356.89,4370.77,4347.69,4364.85,4364.85,0
SP500TR,2/1/2017,4373.65,4380.41,4348.53,4362.1,4362.1,0
SP500TR,1/31/2017,4350.54,4360.03,4337.53,4359.81,4359.81,0
SP500TR,1/30/2017,4373.45,4373.45,4339.19,4363.67,4363.67,0
SP500TR,1/27/2017,4398.14,4398.14,4383.98,4389.85,4389.85,0
SP500TR,1/26/2017,4397.15,4401.57,4388.49,4393.43,4393.43,0
SP500TR,1/25/2017,4378.42,4398.77,4378.42,4396.57,4396.57,0
SP500TR,1/24/2017,4338.23,4370.12,4335.97,4361.56,4361.56,0
SP500TR,1/23/2017,4338.04,4345.69,4317.45,4333.1,4333.1,0
SP500TR,1/20/2017,4342.08,4355.41,4332.72,4344.67,4344.67,0
SP500TR,1/19/2017,4345.67,4350.3,4319.87,4329.96,4329.96,0
SP500TR,1/18/2017,4340.31,4345.78,4329.45,4345.57,4345.57,0
SP500TR,1/17/2017,4339.6,4345.22,4327.49,4337.2,4337.2,0
SP500TR,1/13/2017,4346.48,4357.71,4344.13,4350.11,4350.11,0
SP500TR,1/12/2017,4343.42,4344.34,4311.22,4342.09,4342.09,0
SP500TR,1/11/2017,4338.47,4351.32,4323.71,4351.32,4351.32,0
SP500TR,1/10/2017,4340.21,4358.45,4331.78,4338.64,4338.64,0
SP500TR,1/9/2017,4347.58,4351.21,4338.61,4338.62,4338.62,0
SP500TR,1/6/2017,4342.88,4363.83,4329.35,4354.05,4354.05,0
SP500TR,1/5/2017,4335.89,4342.24,4321.15,4337.45,4337.45,0
SP500TR,1/4/2017,4323.26,4344.69,4323.26,4340.75,4340.75,0
SP500TR,1/3/2017,4303.12,4326.53,4290.85,4315.08,4315.08,0
SP500TR,12/30/2016,4303.09,4306.7,4268.71,4278.66,4278.66,0
SP500TR,12/29/2016,4298.86,4308.37,4289.42,4298.39,4298.39,0
SP500TR,12/28/2016,4338.25,4340.3,4297.92,4299.45,4299.45,0
SP500TR,12/27/2016,4329.87,4344.26,4329.87,4334.93,4334.93,0
SP500TR,12/23/2016,4318.41,4325.17,4315.71,4325.17,4325.17,0
SP500TR,12/22/2016,4323.1,4323.31,4310.05,4319.33,4319.33,0
SP500TR,12/21/2016,4337.09,4338.4,4326.83,4326.85,4326.85,0
SP500TR,12/20/2016,4329.22,4340.76,4328.55,4337.36,4337.36,0
SP500TR,12/19/2016,4314.73,4330.34,4312.92,4321.02,4321.02,0
SP500TR,12/16/2016,4329.08,4331.39,4305.08,4312.4,4312.4,0
SP500TR,12/15/2016,4304.06,4339.11,4304.06,4319.84,4319.84,0
SP500TR,12/14/2016,4331.71,4346.65,4294.13,4302.93,4302.93,0
SP500TR,12/13/2016,4321.82,4348.89,4321.82,4337.86,4337.86,0
SP500TR,12/12/2016,4312.5,4322.32,4300.17,4308.94,4308.94,0
SP500TR,12/9/2016,4294.9,4314.1,4293.94,4313.61,4313.61,0
SP500TR,12/8/2016,4278.45,4298.53,4271.65,4288.1,4288.1,0
SP500TR,12/7/2016,4219.97,4278.93,4216.77,4278.44,4278.44,0
SP500TR,12/6/2016,4212.55,4223.06,4203.01,4222.04,4222.04,0
SP500TR,12/5/2016,4199.83,4216.39,4198.68,4207.57,4207.57,0
SP500TR,12/2/2016,4181.22,4194.25,4176.01,4182.81,4182.81,0
SP500TR,12/1/2016,4198.49,4203.11,4174.22,4181.15,4181.15,0
SP500TR,11/30/2016,4207.48,4224.9,4195.73,4195.73,4195.73,0
SP500TR,11/29/2016,4198.54,4217.04,4193.62,4205.99,4205.99,0
SP500TR,11/28/2016,4215.58,4217.33,4196.79,4199.39,4199.39,0
SP500TR,11/25/2016,4207.53,4221.03,4207.53,4221.02,4221.02,0
SP500TR,11/23/2016,4192.72,4204.49,4185.01,4204.49,4204.49,0
SP500TR,11/22/2016,4198.32,4204.44,4184.88,4200.95,4200.95,0
SP500TR,11/21/2016,4169.27,4192.65,4169.27,4191.68,4191.68,0
SP500TR,11/18/2016,4170.01,4175.75,4157.68,4160.58,4160.58,0
SP500TR,11/17/2016,4153.64,4171.64,4149.9,4169.87,4169.87,0
SP500TR,11/16/2016,4151.33,4154.5,4141.21,4150.21,4150.21,0
SP500TR,11/15/2016,4132.57,4156.47,4129.12,4155.62,4155.62,0
SP500TR,11/14/2016,4126.55,4137.28,4108.41,4123.81,4123.81,0
SP500TR,11/11/2016,4120.37,4126.47,4100.9,4123.69,4123.69,0
SP500TR,11/10/2016,4129.48,4157.52,4098.56,4129.46,4129.46,0
SP500TR,11/9/2016,4060.65,4134.04,4049.16,4121.03,4121.03,0
SP500TR,11/8/2016,4057.25,4089.27,4045.14,4075.61,4075.61,0
SP500TR,11/7/2016,3999.41,4058.77,3999.41,4058.3,4058.3,0
SP500TR,11/4/2016,3967.38,3996.48,3967.38,3970.02,3970.02,0
SP500TR,11/3/2016,3995.85,4002.93,3970.05,3976.56,3976.56,0
SP500TR,11/2/2016,4014.62,4018.98,3985.35,3992.76,3992.76,0
SP500TR,11/1/2016,4050.74,4056,3992.1,4018.47,4018.47,0
SP500TR,10/31/2016,4052.79,4059.34,4044.72,4045.89,4045.89,0
SP500TR,10/28/2016,4057.44,4073.6,4033.03,4046.36,4046.36,0
SP500TR,10/27/2016,4079.72,4085.57,4057.77,4058.75,4058.75,0
SP500TR,10/26/2016,4066.08,4082.73,4055.86,4070.76,4070.76,0
SP500TR,10/25/2016,4090.29,4093.56,4075.48,4077.8,4077.8,0
SP500TR,10/24/2016,4087.84,4099.76,4084.83,4093.22,4093.22,0
SP500TR,10/21/2016,4070.56,4076.64,4052.84,4073.85,4073.85,0
SP500TR,10/20/2016,4076.4,4085.28,4059.14,4074.18,4074.18,0
SP500TR,10/19/2016,4072.88,4087.39,4067.85,4079.5,4079.5,0
SP500TR,10/18/2016,4067.53,4079.06,4062.16,4069.99,4069.99,0
SP500TR,10/17/2016,4057.33,4062.28,4041.2,4045.07,4045.07,0
SP500TR,10/14/2016,4070.02,4088.09,4057.28,4057.28,4057.28,0
SP500TR,10/13/2016,4052.1,4067.15,4022.62,4056.45,4056.45,0
SP500TR,10/12/2016,4066.05,4080.66,4056.73,4068.92,4068.92,0
SP500TR,10/11/2016,4110.75,4111.04,4048.96,4063.92,4063.92,0
SP500TR,10/10/2016,4108.9,4126.36,4108.9,4115.12,4115.12,0
SP500TR,10/7/2016,4116.13,4119.26,4079.34,4096.25,4096.25,0
SP500TR,10/6/2016,4104.64,4113.4,4089.61,4109.49,4109.49,0
SP500TR,10/5/2016,4098.69,4115.4,4098.69,4107.4,4107.4,0
SP500TR,10/4/2016,4112.65,4116.62,4075.85,4088.17,4088.17,0
SP500TR,10/3/2016,4114.09,4114.24,4095.96,4108.13,4108.13,0
SP500TR,9/30/2016,4098.71,4134.42,4098.71,4121.06,4121.06,0
SP500TR,9/29/2016,4122.24,4129.4,4077.36,4088.47,4088.47,0
SP500TR,9/28/2016,4108.74,4128.79,4089.63,4126.83,4126.83,0
SP500TR,9/27/2016,4077.79,4106.41,4069.32,4104.18,4104.18,0
SP500TR,9/26/2016,4101.35,4101.35,4075.78,4077.71,4077.71,0
SP500TR,9/23/2016,4129.02,4129.63,4111.39,4112.69,4112.69,0
SP500TR,9/22/2016,4124.55,4141.69,4124.55,4136.41,4136.41,0
SP500TR,9/21/2016,4074.41,4113.39,4064.91,4109.63,4109.63,0
SP500TR,9/20/2016,4076.95,4086.16,4064.09,4065.2,4065.2,0
SP500TR,9/19/2016,4073.2,4091.45,4057.85,4063.94,4063.94,0
SP500TR,9/16/2016,4077.87,4077.87,4048.86,4063.97,4063.97,0
SP500TR,9/15/2016,4037.72,4087.01,4032.17,4079.32,4079.32,0
SP500TR,9/14/2016,4041.8,4067.33,4026.7,4037.83,4037.83,0
SP500TR,9/13/2016,4084.45,4084.45,4027.11,4039.92,4039.92,0
SP500TR,9/12/2016,4026.98,4107.51,4023.89,4099.47,4099.47,0
SP500TR,9/9/2016,4118.32,4118.32,4039.95,4039.95,4039.95,0
SP500TR,9/8/2016,4144.23,4148.37,4134.22,4141.46,4141.46,0
SP500TR,9/7/2016,4148.63,4153.66,4137.05,4150.51,4150.51,0
SP500TR,9/6/2016,4140.87,4150.29,4128.52,4150.11,4150.11,0
SP500TR,9/2/2016,4132.96,4146.93,4125.62,4137.7,4137.7,0
SP500TR,9/1/2016,4121.06,4125.27,4094.03,4120.17,4120.17,0
SP500TR,8/31/2016,4125.24,4125.53,4102.11,4120.29,4120.29,0
SP500TR,8/30/2016,4135.65,4140.89,4118.52,4129.34,4129.34,0
SP500TR,8/29/2016,4117.42,4142.63,4117.42,4136.75,4136.75,0
SP500TR,8/26/2016,4126.17,4150.36,4098.29,4114.68,4114.68,0
SP500TR,8/25/2016,4122.65,4133.44,4115.93,4121.09,4121.09,0
SP500TR,8/24/2016,4144.96,4147.86,4118.71,4126.65,4126.65,0
SP500TR,8/23/2016,4149.89,4160.49,4147.99,4148.16,4148.16,0
SP500TR,8/22/2016,4137.96,4144.73,4127.32,4139.97,4139.97,0
SP500TR,8/19/2016,4142.93,4144.37,4125.67,4142.23,4142.23,0
SP500TR,8/18/2016,4137.92,4147.65,4135.21,4147.64,4147.64,0
SP500TR,8/17/2016,4130.12,4140.03,4112.47,4138.42,4138.42,0
SP500TR,8/16/2016,4145.01,4145.01,4129.66,4129.68,4129.68,0
SP500TR,8/15/2016,4143.98,4158.63,4143.98,4151.69,4151.69,0
SP500TR,8/12/2016,4139.04,4143.82,4130.87,4139.63,4139.63,0
SP500TR,8/11/2016,4127.89,4147.74,4127.89,4142.72,4142.72,0
SP500TR,8/10/2016,4136.52,4137.47,4116.08,4122.65,4122.65,0
SP500TR,8/9/2016,4133.92,4144.14,4127.06,4132.96,4132.96,0
SP500TR,8/8/2016,4136.63,4139.8,4125.46,4131.19,4131.19,0
SP500TR,8/5/2016,4107.89,4134.56,4107.89,4134.56,4134.56,0
SP500TR,8/4/2016,4097.8,4106.64,4089.41,4099.21,4099.21,0
SP500TR,8/3/2016,4084.08,4097.3,4076.07,4097.3,4097.3,0
SP500TR,8/2/2016,4107.69,4108.18,4065.38,4083.25,4083.25,0
SP500TR,8/1/2016,4113.66,4123.37,4100.53,4109.28,4109.28,0
SP500TR,7/29/2016,4105.47,4121.11,4095.36,4114.51,4114.51,0
SP500TR,7/28/2016,4100.17,4113.04,4088.24,4107.75,4107.75,0
SP500TR,7/27/2016,4106.92,4116.69,4086.75,4100.81,4100.81,0
SP500TR,7/26/2016,4105.19,4113.84,4088.55,4105.57,4105.57,0
SP500TR,7/25/2016,4114.03,4114.03,4091.77,4104.13,4104.13,0
SP500TR,7/22/2016,4100.3,4116.66,4094.21,4116.5,4116.5,0
SP500TR,7/21/2016,4112.47,4115.56,4087.57,4097.82,4097.82,0
SP500TR,7/20/2016,4099.52,4117.55,4097.23,4112.61,4112.61,0
SP500TR,7/19/2016,4094.63,4096.22,4085.58,4094.61,4094.61,0
SP500TR,7/18/2016,4091.22,4103.16,4086.72,4100.4,4100.4,0
SP500TR,7/15/2016,4096.9,4104.26,4079.25,4090.49,4090.49,0
SP500TR,7/14/2016,4083.18,4104.11,4083.18,4094.28,4094.28,0
SP500TR,7/13/2016,4075.39,4080.39,4061.05,4072.77,4072.77,0
SP500TR,7/12/2016,4047.94,4077.89,4047.94,4071.85,4071.85,0
SP500TR,7/11/2016,4033.2,4054.84,4033.2,4043.49,4043.49,0
SP500TR,7/8/2016,3986.37,4033.1,3986.37,4029.75,4029.75,0
SP500TR,7/7/2016,3973.96,3990.27,3953.15,3969.19,3969.19,0
SP500TR,7/6/2016,3943.32,3974.11,3923.65,3972.26,3972.26,0
SP500TR,7/5/2016,3962.02,3962.02,3935.2,3949.72,3949.72,0
SP500TR,7/1/2016,3969.85,3987.54,3967.18,3976.68,3976.68,0
SP500TR,6/30/2016,3919.64,3968.35,3913.67,3968.21,3968.21,0
SP500TR,6/29/2016,3862.02,3919.56,3862.02,3915.1,3915.1,0
SP500TR,6/28/2016,3793.44,3849.05,3793.44,3849.05,3849.05,0
SP500TR,6/27/2016,3839.44,3839.44,3764.35,3781.02,3781.02,0
SP500TR,6/24/2016,3976.2,3976.2,3841.77,3850.7,3850.7,0
SP500TR,6/23/2016,3955.4,3994.18,3955.4,3994.18,3994.18,0
SP500TR,6/22/2016,3949.58,3968.41,3939.41,3941.45,3941.45,0
SP500TR,6/21/2016,3940.93,3956.94,3936.83,3947.94,3947.94,0
SP500TR,6/20/2016,3922.42,3969.81,3922.42,3936.91,3936.91,0
SP500TR,6/17/2016,3927.34,3927.34,3898.37,3914.15,3914.15,0
SP500TR,6/16/2016,3904.95,3930,3874.74,3926.93,3926.93,0
SP500TR,6/15/2016,3925.54,3940.72,3910.81,3914.02,3914.02,0
SP500TR,6/14/2016,3923.45,3932.14,3899.89,3920.93,3920.93,0
SP500TR,6/13/2016,3951.7,3963.5,3926.61,3927.73,3927.73,0
SP500TR,6/10/2016,3984.17,3984.17,3947.14,3958.68,3958.68,0
SP500TR,6/9/2016,3995.61,3999.36,3980.67,3995.28,3995.28,0
SP500TR,6/8/2016,3989.88,4004.69,3989.88,4001.98,4001.98,0
SP500TR,6/7/2016,3984.29,4001.34,3984.29,3987.96,3987.96,0
SP500TR,6/6/2016,3966.55,3990.21,3966.55,3982.74,3982.74,0
SP500TR,6/3/2016,3972.56,3972.56,3937.29,3963.23,3963.23,0
SP500TR,6/2/2016,3960.5,3974.76,3943.3,3974.76,3974.76,0
SP500TR,6/1/2016,3952.93,3966.19,3936.33,3963.1,3963.1,0
SP500TR,5/31/2016,3963.93,3970.23,3942.28,3957.95,3957.95,0
SP500TR,5/27/2016,3944.68,3961.67,3944.68,3961.67,3961.67,0
SP500TR,5/26/2016,3946.58,3951.82,3938.37,3944.05,3944.05,0
SP500TR,5/25/2016,3922.42,3952.22,3922.42,3944.33,3944.33,0
SP500TR,5/24/2016,3872.61,3923.58,3872.61,3916.77,3916.77,0
SP500TR,5/23/2016,3871.71,3878,3862.36,3863.82,3863.82,0
SP500TR,5/20/2016,3852.06,3883.13,3852.06,3871.75,3871.75,0
SP500TR,5/19/2016,3855.84,3855.84,3821.53,3847.97,3847.97,0
SP500TR,5/18/2016,3856.13,3886.7,3837.53,3862.25,3862.25,0
SP500TR,5/17/2016,3894.5,3895.45,3848.92,3860.88,3860.88,0
SP500TR,5/16/2016,3858.41,3906.2,3858.41,3896.36,3896.36,0
SP500TR,5/13/2016,3888.12,3896.17,3851.62,3858.17,3858.17,0
SP500TR,5/12/2016,3896.62,3909.47,3870.18,3890.85,3890.85,0
SP500TR,5/11/2016,3926.6,3926.6,3891.13,3891.13,3891.13,0
SP500TR,5/10/2016,3885.64,3927.5,3885.64,3926.63,3926.63,0
SP500TR,5/9/2016,3875.99,3888.41,3869.91,3878.14,3878.14,0
SP500TR,5/6/2016,3857.53,3876.23,3841.9,3875.18,3875.18,0
SP500TR,5/5/2016,3866.77,3880.46,3853.27,3862.4,3862.4,0
SP500TR,5/4/2016,3879.68,3879.68,3851.94,3862.4,3862.4,0
SP500TR,5/3/2016,3910.63,3910.63,3868.71,3884.63,3884.63,0
SP500TR,5/2/2016,3891.68,3922.27,3889.69,3918.53,3918.53,0
SP500TR,4/29/2016,3900.41,3903.16,3863.66,3888.13,3888.13,0
SP500TR,4/28/2016,3936.34,3952.08,3900.26,3907.88,3907.88,0
SP500TR,4/27/2016,3938.7,3952.92,3919.92,3944.02,3944.02,0
SP500TR,4/26/2016,3933.73,3946.94,3926.16,3937.23,3937.23,0
SP500TR,4/25/2016,3932.84,3932.84,3910.58,3929.88,3929.88,0
SP500TR,4/22/2016,3936.83,3942.03,3917.5,3937,3937,0
SP500TR,4/21/2016,3956.77,3959.95,3931.28,3936.8,3936.8,0
SP500TR,4/20/2016,3955.6,3973.53,3945.85,3957.25,3957.25,0
SP500TR,4/19/2016,3945.07,3960.09,3936.85,3954.01,3954.01,0
SP500TR,4/18/2016,3912.66,3942.38,3902.99,3941.86,3941.86,0
SP500TR,4/15/2016,3920.62,3920.62,3907.9,3916.17,3916.17,0
SP500TR,4/14/2016,3920.23,3929.51,3911.29,3920.03,3920.03,0
SP500TR,4/13/2016,3887.9,3920.33,3887.9,3918.95,3918.95,0
SP500TR,4/12/2016,3845.55,3885.65,3838.06,3879.42,3879.42,0
SP500TR,4/11/2016,3857.68,3881.5,3842.02,3842.17,3842.17,0
SP500TR,4/8/2016,3848.85,3877.25,3841.65,3852.72,3852.72,0
SP500TR,4/7/2016,3881.68,3881.68,3826.77,3841.98,3841.98,0
SP500TR,4/6/2016,3848.72,3889.64,3844.22,3888.41,3888.41,0
SP500TR,4/5/2016,3879.19,3879.19,3841.68,3846.59,3846.59,0
SP500TR,4/4/2016,3899.28,3900.82,3879.31,3886,3886,0
SP500TR,4/1/2016,3867.28,3901.95,3843.51,3897.66,3897.66,0
SP500TR,3/31/2016,3880.69,3888.49,3868.86,3873.11,3873.11,0
SP500TR,3/30/2016,3870.34,3896.5,3870.34,3881.01,3881.01,0
SP500TR,3/29/2016,3827.59,3865.47,3813.72,3863.8,3863.8,0
SP500TR,3/28/2016,3830.84,3839.82,3819.69,3829.26,3829.26,0
SP500TR,3/24/2016,3820.64,3827.31,3802.03,3827.14,3827.14,0
SP500TR,3/23/2016,3850.83,3850.83,3825.21,3828.58,3828.58,0
SP500TR,3/22/2016,3850.99,3865.93,3835.84,3853.18,3853.18,0
SP500TR,3/21/2016,3848.98,3860.31,3840.07,3855.97,3855.97,0
SP500TR,3/18/2016,3836.33,3857.38,3836.33,3852.15,3852.15,0
SP500TR,3/17/2016,3809.53,3845.84,3800.64,3835.26,3835.26,0
SP500TR,3/16/2016,3785.7,3819.02,3777.94,3810.09,3810.09,0
SP500TR,3/15/2016,3787.39,3788.64,3768.54,3788.62,3788.62,0
SP500TR,3/14/2016,3794.83,3804.77,3781.38,3795.53,3795.53,0
SP500TR,3/11/2016,3748.45,3800.34,3748.45,3800.07,3800.07,0
SP500TR,3/10/2016,3740.37,3766.86,3699.59,3737.74,3737.74,0
SP500TR,3/9/2016,3722.22,3743.35,3719.29,3736.92,3736.92,0
SP500TR,3/8/2016,3750.58,3750.58,3714.13,3717.49,3717.49,0
SP500TR,3/7/2016,3748.44,3767.22,3735.81,3759.05,3759.05,0
SP500TR,3/4/2016,3744.25,3772.64,3730.79,3755.47,3755.47,0
SP500TR,3/3/2016,3728.37,3743.56,3712.96,3743.02,3743.02,0
SP500TR,3/2/2016,3711.09,3729.64,3696.45,3729.59,3729.59,0
SP500TR,3/1/2016,3636.25,3713.7,3636.25,3713.7,3713.7,0
SP500TR,2/29/2016,3655.03,3675.94,3626.35,3627.06,3627.06,0
SP500TR,2/26/2016,3669.36,3684.39,3652.17,3656.42,3656.42,0
SP500TR,2/25/2016,3625.63,3663.03,3613.59,3662.84,3662.84,0
SP500TR,2/24/2016,3597.91,3625.12,3548.14,3620.87,3620.87,0
SP500TR,2/23/2016,3644.29,3644.29,3601.27,3604.68,3604.68,0
SP500TR,2/22/2016,3610.41,3652.15,3610.41,3649.92,3649.92,0
SP500TR,2/19/2016,3595.96,3599.77,3568.67,3597.92,3597.92,0
SP500TR,2/18/2016,3615.75,3620.01,3592.34,3597.49,3597.49,0
SP500TR,2/17/2016,3561.6,3621.39,3561.6,3614.16,3614.16,0
SP500TR,2/16/2016,3509.94,3555.47,3509.94,3555.2,3555.2,0
SP500TR,2/12/2016,3437.47,3496.29,3437.47,3496.28,3496.28,0
SP500TR,2/11/2016,3462.58,3462.58,3393.43,3428.99,3428.99,0
SP500TR,2/10/2016,3480.85,3526.66,3468.15,3471.04,3471.04,0
SP500TR,2/9/2016,3463.48,3500.1,3438.19,3470.5,3470.5,0
SP500TR,2/8/2016,3509.19,3509.19,3425.31,3472.08,3472.08,0
SP500TR,2/5/2016,3583.44,3583.44,3507.82,3521.6,3521.6,0
SP500TR,2/4/2016,3580.64,3610,3559.89,3587.71,3587.71,0
SP500TR,2/3/2016,3571.3,3591.46,3506.12,3581.53,3581.53,0
SP500TR,2/2/2016,3622.85,3622.85,3551.77,3562.52,3562.52,0
SP500TR,2/1/2016,3625.89,3644.91,3594.74,3630.46,3630.46,0
SP500TR,1/29/2016,3545.4,3631.96,3545.4,3631.96,3631.96,0
SP500TR,1/28/2016,3528.9,3561.96,3507.25,3544.13,3544.13,0
SP500TR,1/27/2016,3560.97,3588.01,3505.18,3524.33,3524.33,0
SP500TR,1/26/2016,3516.32,3568.53,3516.32,3562.81,3562.81,0
SP500TR,1/25/2016,3567.76,3567.76,3511.04,3513.11,3513.11,0
SP500TR,1/22/2016,3513.68,3572.41,3513.68,3568.9,3568.9,0
SP500TR,1/21/2016,3483.85,3536.78,3460.51,3497.94,3497.94,0
SP500TR,1/20/2016,3511.28,3511.28,3391.77,3479.75,3479.75,0
SP500TR,1/19/2016,3534.11,3558.01,3489.13,3520.4,3520.4,0
SP500TR,1/15/2016,3586.53,3586.53,3476.53,3518.51,3518.51,0
SP500TR,1/14/2016,3539.6,3619.67,3516.14,3596.03,3596.03,0
SP500TR,1/13/2016,3630.58,3649.27,3529.98,3536.92,3536.92,0
SP500TR,1/12/2016,3606.77,3643.34,3581.55,3627.06,3627.06,0
SP500TR,1/11/2016,3603.55,3621.34,3556.87,3598.97,3598.97,0
SP500TR,1/8/2016,3640.69,3667.68,3589.46,3595.91,3595.91,0
SP500TR,1/7/2016,3714.29,3714.29,3627.32,3635.29,3635.29,0
SP500TR,1/6/2016,3763.55,3763.55,3702.47,3723.44,3723.44,0
SP500TR,1/5/2016,3766.08,3781.27,3748.15,3771.57,3771.57,0
SP500TR,1/4/2016,3811.74,3811.74,3721.04,3763.99,3763.99,0
SP500TR,12/31/2015,3852.74,3856.37,3821.09,3821.6,3821.6,0
SP500TR,12/30/2015,3884.04,3884.04,3855.53,3857.9,3857.9,0
SP500TR,12/29/2015,3852.24,3891.51,3852.24,3885.55,3885.55,0
SP500TR,12/28/2015,3846.31,3846.31,3820.94,3843.94,3843.94,0
SP500TR,12/24/2015,3857.05,3864.22,3848.09,3852.31,3852.31,0
SP500TR,12/23/2015,3817.18,3859.29,3817.18,3858.47,3858.47,0
SP500TR,12/22/2015,3781.29,3817.86,3776.33,3810.85,3810.85,0
SP500TR,12/21/2015,3756.82,3780.27,3748.71,3777.15,3777.15,0
SP500TR,12/18/2015,3813.45,3813.45,3747.3,3747.56,3747.56,0
SP500TR,12/17/2015,3875.01,3879.81,3815.07,3815.46,3815.46,0
SP500TR,12/16/2015,3823.49,3879.76,3816.52,3873.12,3873.12,0
SP500TR,12/15/2015,3784,3836.83,3784,3817.36,3817.36,0
SP500TR,12/14/2015,3761.21,3779.01,3723.72,3777.22,3777.22,0
SP500TR,12/11/2015,3824.27,3824.27,3752.51,3759.09,3759.09,0
SP500TR,12/10/2015,3824.9,3861.73,3820.77,3832.93,3832.93,0
SP500TR,12/9/2015,3849.2,3884.7,3803.23,3823.9,3823.9,0
SP500TR,12/8/2015,3871.77,3872.52,3832.46,3853.48,3853.48,0
SP500TR,12/7/2015,3903.23,3903.23,3859.09,3878.31,3878.31,0
SP500TR,12/4/2015,3829.8,3909.31,3829.8,3905.31,3905.31,0
SP500TR,12/3/2015,3884.79,3892.63,3813.25,3826.74,3826.74,0
SP500TR,12/2/2015,3923.83,3928.49,3878.21,3882.38,3882.38,0
SP500TR,12/1/2015,3887.86,3925.91,3887.86,3924.63,3924.63,0
SP500TR,11/30/2015,3902.52,3907.82,3882.84,3882.84,3882.84,0
SP500TR,11/27/2015,3898.34,3906.66,3889.59,3900.74,3900.74,0
SP500TR,11/25/2015,3898.37,3905.27,3892.77,3897.57,3897.57,0
SP500TR,11/24/2015,3888.86,3906.73,3862.55,3897.67,3897.67,0
SP500TR,11/23/2015,3898.06,3909.61,3883.1,3892.8,3892.8,0
SP500TR,11/20/2015,3885.62,3912.05,3885.62,3897.45,3897.45,0
SP500TR,11/19/2015,3886.65,3892.31,3877.44,3882.06,3882.06,0
SP500TR,11/18/2015,3827.35,3889.45,3827.35,3886.26,3886.26,0
SP500TR,11/17/2015,3830.17,3854.45,3815.72,3824.14,3824.14,0
SP500TR,11/16/2015,3770.47,3828.52,3765.58,3828.46,3828.46,0
SP500TR,11/13/2015,3811.85,3811.85,3769.85,3771.59,3771.59,0
SP500TR,11/12/2015,3863.36,3863.36,3813.8,3814.29,3814.29,0
SP500TR,11/11/2015,3883.38,3889.94,3867.52,3867.71,3867.71,0
SP500TR,11/10/2015,3871.79,3883.83,3858.22,3880.23,3880.23,0
SP500TR,11/9/2015,3906.87,3906.87,3854.18,3873.37,3873.37,0
SP500TR,11/6/2015,3909.86,3915.91,3882.27,3910.98,3910.98,0
SP500TR,11/5/2015,3915.15,3928.38,3894.2,3911.89,3911.89,0
SP500TR,11/4/2015,3930.95,3938.38,3905.61,3915.52,3915.52,0
SP500TR,11/3/2015,3914.73,3940.51,3905.21,3928.05,3928.05,0
SP500TR,11/2/2015,3873.94,3921.29,3873.94,3917.3,3917.3,0
SP500TR,10/30/2015,3891.14,3899.13,3871.29,3871.33,3871.33,0
SP500TR,10/29/2015,3888.07,3895.77,3877.42,3890.04,3890.04,0
SP500TR,10/28/2015,3846.91,3891.34,3840.66,3891.34,3891.34,0
SP500TR,10/27/2015,3850.77,3853.75,3832.38,3845.45,3845.45,0
SP500TR,10/26/2015,3862.55,3862.55,3846.77,3855.29,3855.29,0
SP500TR,10/23/2015,3831.08,3871.2,3831.08,3862.65,3862.65,0
SP500TR,10/22/2015,3763.48,3825.5,3763.48,3820.49,3820.49,0
SP500TR,10/21/2015,3784.95,3793.23,3754.82,3757.91,3757.91,0
SP500TR,10/20/2015,3783.83,3794.94,3771.7,3779.44,3779.44,0
SP500TR,10/19/2015,3781.12,3786.19,3763.63,3784.72,3784.72,0
SP500TR,10/16/2015,3767.37,3784.4,3760.11,3783.64,3783.64,0
SP500TR,10/15/2015,3715.45,3766.94,3715.45,3766.43,3766.43,0
SP500TR,10/14/2015,3728.63,3739.61,3704.61,3711.11,3711.11,0
SP500TR,10/13/2015,3749.52,3763.07,3725.03,3728.48,3728.48,0
SP500TR,10/12/2015,3750.37,3755.97,3740.92,3753.73,3753.73,0
SP500TR,10/9/2015,3746.8,3758.7,3735.41,3748.96,3748.96,0
SP500TR,10/8/2015,3709.99,3751.82,3698.06,3746.12,3746.12,0
SP500TR,10/7/2015,3688.28,3719.84,3677.3,3713.36,3713.36,0
SP500TR,10/6/2015,3694.82,3703.9,3667.61,3682.33,3682.33,0
SP500TR,10/5/2015,3634.75,3699.54,3634.75,3695.61,3695.61,0
SP500TR,10/2/2015,3574.01,3629.04,3522.15,3629.04,3629.04,0
SP500TR,10/1/2015,3569.72,3583.66,3534.63,3577.47,3577.47,0
SP500TR,9/30/2015,3509.02,3571.11,3509.02,3570.17,3570.17,0
SP500TR,9/29/2015,3499.06,3531.71,3480.54,3503.13,3503.13,0
SP500TR,9/28/2015,3586.73,3586.73,3493.88,3498.61,3498.61,0
SP500TR,9/25/2015,3598.24,3629.71,3571.48,3589.71,3589.71,0
SP500TR,9/24/2015,3596.14,3600.51,3548.06,3591.37,3591.37,0
SP500TR,9/23/2015,3611.81,3623.43,3591.98,3603.49,3603.49,0
SP500TR,9/22/2015,3645.36,3645.36,3585.59,3610.7,3610.7,0
SP500TR,9/21/2015,3644.24,3679.18,3634.88,3655.64,3655.64,0
SP500TR,9/18/2015,3697.76,3697.76,3630.47,3638.99,3638.99,0
SP500TR,9/17/2015,3708.27,3755.47,3692.34,3698.74,3698.74,0
SP500TR,9/16/2015,3675.5,3711.25,3675.33,3707.62,3707.62,0
SP500TR,9/15/2015,3632.77,3684.96,3631.32,3675.48,3675.48,0
SP500TR,9/14/2015,3647.51,3647.51,3620.22,3628.87,3628.87,0
SP500TR,9/11/2015,3625.72,3643.55,3603,3643.54,3643.54,0
SP500TR,9/10/2015,3606.28,3649.1,3598.42,3626.14,3626.14,0
SP500TR,9/9/2015,3661.42,3693.24,3599.19,3606.8,3606.8,0
SP500TR,9/8/2015,3579.12,3659.17,3579.12,3657.32,3657.32,0
SP500TR,9/4/2015,3616.68,3616.68,3548.88,3567.41,3567.41,0
SP500TR,9/3/2015,3622.03,3666.81,3610.78,3622.66,3622.66,0
SP500TR,9/2/2015,3558.21,3618.34,3558.21,3618.25,3618.25,0
SP500TR,9/1/2015,3657.04,3657.04,3532.7,3552.65,3552.65,0
SP500TR,8/31/2015,3687.75,3687.75,3649.37,3660.75,3660.75,0
SP500TR,8/28/2015,3686.08,3699.85,3665.96,3691.3,3691.3,0
SP500TR,8/27/2015,3605.3,3692.06,3605.3,3688.6,3688.6,0
SP500TR,8/26/2015,3475,3604.9,3475,3600.73,3600.73,0
SP500TR,8/25/2015,3521.72,3614.38,3464.61,3465.19,3465.19,0
SP500TR,8/24/2015,3646.11,3646.11,3464.03,3512.65,3512.65,0
SP500TR,8/21/2015,3773.89,3773.89,3656.67,3656.67,3656.67,0
SP500TR,8/20/2015,3852.18,3852.18,3776.35,3776.36,3776.36,0
SP500TR,8/19/2015,3887.57,3888.4,3840.92,3857.74,3857.74,0
SP500TR,8/18/2015,3899,3901.73,3884.45,3889.6,3889.6,0
SP500TR,8/17/2015,3875.49,3899.81,3856.26,3899.1,3899.1,0
SP500TR,8/14/2015,3862.6,3879.84,3857.91,3878.16,3878.16,0
SP500TR,8/13/2015,3868.23,3880.72,3853.62,3863.03,3863.03,0
SP500TR,8/12/2015,3858.2,3872.94,3804.6,3867.37,3867.37,0
SP500TR,8/11/2015,3897.26,3897.26,3848.82,3862.81,3862.81,0
SP500TR,8/10/2015,3856.37,3901.49,3856.37,3899.36,3899.36,0
SP500TR,8/7/2015,3859.3,3859.3,3832.06,3849.96,3849.96,0
SP500TR,8/6/2015,3892.77,3897.51,3846.08,3860.92,3860.92,0
SP500TR,8/5/2015,3881.52,3913.73,3881.52,3889.99,3889.99,0
SP500TR,8/4/2015,3884.51,3893.38,3867.73,3876.44,3876.44,0
SP500TR,8/3/2015,3897.01,3899.25,3865.22,3885.07,3885.07,0
SP500TR,7/31/2015,3910.18,3915.03,3892.53,3895.8,3895.8,0
SP500TR,7/30/2015,3901.21,3908.04,3879.34,3904.64,3904.64,0
SP500TR,7/29/2015,3878.53,3907.97,3877.53,3904.21,3904.21,0
SP500TR,7/28/2015,3833.7,3879.67,3830.67,3875.37,3875.37,0
SP500TR,7/27/2015,3847.46,3847.46,3820.32,3827.93,3827.93,0
SP500TR,7/24/2015,3891.97,3898.71,3845.49,3850.15,3850.15,0
SP500TR,7/23/2015,3914.02,3919.04,3885.27,3891.79,3891.79,0
SP500TR,7/22/2015,3921.26,3921.71,3906.27,3913.75,3913.75,0
SP500TR,7/21/2015,3938.14,3939.64,3915.65,3922.7,3922.7,0
SP500TR,7/20/2015,3936.7,3947.73,3930.81,3939.35,3939.35,0
SP500TR,7/17/2015,3936.51,3939.75,3923.7,3936.22,3936.22,0
SP500TR,7/16/2015,3906.43,3931.97,3906.43,3931.85,3931.85,0
SP500TR,7/15/2015,3903.47,3912.97,3891.42,3900.5,3900.5,0
SP500TR,7/14/2015,3886.22,3908.85,3883.53,3903.31,3903.31,0
SP500TR,7/13/2015,3849.76,3887.92,3849.76,3885.97,3885.97,0
SP500TR,7/10/2015,3798.91,3851.78,3798.91,3843.1,3843.1,0
SP500TR,7/9/2015,3793.34,3838.66,3793.34,3796.26,3796.26,0
SP500TR,7/8/2015,3844.98,3844.98,3783.93,3787.67,3787.67,0
SP500TR,7/7/2015,3828.79,3855.06,3781.63,3850.66,3850.66,0
SP500TR,7/6/2015,3836.95,3845.43,3808.26,3827.35,3827.35,0
SP500TR,7/2/2015,3844.38,3857.36,3831.65,3842.06,3842.06,0
SP500TR,7/1/2015,3823.98,3853.09,3823.98,3843.26,3843.26,0
SP500TR,6/30/2015,3812.3,3836.47,3803.31,3815.85,3815.85,0
SP500TR,6/29/2015,3881.3,3881.3,3803.71,3805.5,3805.5,0
SP500TR,6/26/2015,3888.3,3899.95,3874.92,3886.21,3886.21,0
SP500TR,6/25/2015,3901.18,3912.4,3886.07,3887.04,3887.04,0
SP500TR,6/24/2015,3925.75,3929,3898.47,3898.47,3898.47,0
SP500TR,6/23/2015,3925.31,3934.29,3919.26,3927.23,3927.23,0
SP500TR,6/22/2015,3905.28,3937.37,3905.28,3924.41,3924.41,0
SP500TR,6/19/2015,3921.05,3922.06,3899.51,3900.64,3900.64,0
SP500TR,6/18/2015,3885.1,3931.36,3885.1,3921.43,3921.43,0
SP500TR,6/17/2015,3876.86,3894.22,3861.63,3882.49,3882.49,0
SP500TR,6/16/2015,3852.49,3876.74,3848.5,3874.73,3874.73,0
SP500TR,6/15/2015,3865.53,3865.53,3830.71,3852.75,3852.75,0
SP500TR,6/12/2015,3895.19,3895.19,3865.43,3870.56,3870.56,0
SP500TR,6/11/2015,3892.75,3908.9,3892.75,3897.59,3897.59,0
SP500TR,6/10/2015,3845.2,3895.77,3845.2,3889.7,3889.7,0
SP500TR,6/9/2015,3841.16,3853.22,3828.39,3843.16,3843.16,0
SP500TR,6/8/2015,3865.57,3866.81,3841.32,3841.45,3841.45,0
SP500TR,6/5/2015,3870,3880.88,3852.66,3865.83,3865.83,0
SP500TR,6/4/2015,3901.72,3902.72,3866.41,3871.23,3871.23,0
SP500TR,6/3/2015,3898.5,3919.3,3896.69,3904.83,3904.83,0
SP500TR,6/2/2015,3897.35,3910.61,3876.61,3895.85,3895.85,0
SP500TR,6/1/2015,3893.88,3913.28,3882.61,3899.59,3899.59,0
SP500TR,5/29/2015,3915.68,3915.68,3886.56,3891.18,3891.18,0
SP500TR,5/28/2015,3918.55,3918.55,3901.2,3915.82,3915.82,0
SP500TR,5/27/2015,3886.24,3925.13,3886.24,3920.11,3920.11,0
SP500TR,5/26/2015,3922.9,3922.9,3874.63,3883.88,3883.88,0
SP500TR,5/22/2015,3932.1,3935.4,3924.16,3924.16,3924.16,0
SP500TR,5/21/2015,3923.18,3939.25,3918.42,3932.9,3932.9,0
SP500TR,5/20/2015,3926.76,3939.46,3917.28,3923.18,3923.18,0
SP500TR,5/19/2015,3929.41,3935.97,3920.31,3926.41,3926.41,0
SP500TR,5/18/2015,3913.57,3932.9,3911.21,3928.15,3928.15,0
SP500TR,5/15/2015,3914.77,3918.03,3905.07,3915.99,3915.99,0
SP500TR,5/14/2015,3874.4,3913.08,3874.4,3912.52,3912.52,0
SP500TR,5/13/2015,3872.46,3891.96,3865.88,3870.36,3870.36,0
SP500TR,5/12/2015,3877.61,3881.65,3845.75,3870.69,3870.69,0
SP500TR,5/11/2015,3900.8,3904.67,3880.55,3881.93,3881.93,0
SP500TR,5/8/2015,3856.83,3903.89,3856.83,3901.01,3901.01,0
SP500TR,5/7/2015,3834.31,3858.11,3825.15,3849.13,3849.13,0
SP500TR,5/6/2015,3854.17,3867.14,3811.27,3833.7,3833.7,0
SP500TR,5/5/2015,3892.1,3896.87,3847.57,3849.41,3849.41,0
SP500TR,5/4/2015,3887.32,3907.07,3887.32,3895.16,3895.16,0
SP500TR,5/1/2015,3845.23,3883.75,3845.23,3883.75,3883.75,0
SP500TR,4/30/2015,3878.63,3878.63,3827.18,3841.78,3841.78,0
SP500TR,4/29/2015,3891.29,3893.42,3863.57,3880.9,3880.9,0
SP500TR,4/28/2015,3883.4,3897.57,3858.8,3895.21,3895.21,0
SP500TR,4/27/2015,3903.2,3915.37,3880.67,3884.1,3884.1,0
SP500TR,4/24/2015,3891.23,3906.19,3891.23,3900.24,3900.24,0
SP500TR,4/23/2015,3880.92,3905.38,3873.52,3891.46,3891.46,0
SP500TR,4/22/2015,3864.08,3885.6,3850.78,3881.93,3881.93,0
SP500TR,4/21/2015,3872.34,3884.88,3856.83,3862.15,3862.15,0
SP500TR,4/20/2015,3837.82,3874.28,3837.82,3867.82,3867.82,0
SP500TR,4/17/2015,3871.74,3871.74,3816.15,3832.33,3832.33,0
SP500TR,4/16/2015,3877.96,3887.78,3867.1,3876.17,3876.17,0
SP500TR,4/15/2015,3862.88,3888.77,3862.88,3879.1,3879.1,0
SP500TR,4/14/2015,3852.68,3864.3,3836.03,3859.22,3859.22,0
SP500TR,4/13/2015,3870.61,3880.88,3852.77,3852.93,3852.93,0
SP500TR,4/10/2015,3850.9,3871.34,3850.9,3870.31,3870.31,0
SP500TR,4/9/2015,3832.08,3854.12,3819.23,3850.29,3850.29,0
SP500TR,4/8/2015,3824.06,3841.95,3817.38,3833.2,3833.2,0
SP500TR,4/7/2015,3829.69,3846.27,3821.07,3821.49,3821.49,0
SP500TR,4/6/2015,3800.33,3841.04,3785.4,3829.31,3829.31,0
SP500TR,4/2/2015,3791.38,3813.72,3786.49,3804.14,3804.14,0
SP500TR,4/1/2015,3805.27,3805.27,3769.88,3790.66,3790.66,0
SP500TR,3/31/2015,3835.01,3835.01,3803.71,3805.27,3805.27,0
SP500TR,3/30/2015,3797.94,3843.68,3797.94,3838.65,3838.65,0
SP500TR,3/27/2015,3782.26,3795.22,3777.11,3791.9,3791.9,0
SP500TR,3/26/2015,3789.19,3802.43,3762.73,3782.21,3782.21,0
SP500TR,3/25/2015,3850.08,3858.01,3791.13,3791.13,3791.13,0
SP500TR,3/24/2015,3869.93,3876.64,3847.05,3847.05,3847.05,0
SP500TR,3/23/2015,3877.06,3889.69,3870.49,3870.49,3870.49,0
SP500TR,3/20/2015,3844.56,3887.96,3844.56,3877.26,3877.26,0
SP500TR,3/19/2015,3859.94,3859.94,3835.79,3842.62,3842.62,0
SP500TR,3/18/2015,3812.36,3874.87,3791.02,3861.39,3861.39,0
SP500TR,3/17/2015,3826.52,3826.52,3798,3814.91,3814.91,0
SP500TR,3/16/2015,3780.09,3827.94,3780.09,3827.62,3827.62,0
SP500TR,3/13/2015,3796.96,3796.96,3754.21,3776.44,3776.44,0
SP500TR,3/12/2015,3753.74,3800.25,3753.74,3799.43,3799.43,0
SP500TR,3/11/2015,3759.39,3769.28,3750.29,3751.2,3751.2,0
SP500TR,3/10/2015,3816.61,3816.61,3757.83,3757.83,3757.83,0
SP500TR,3/9/2015,3809.23,3829.89,3809.23,3822.42,3822.42,0
SP500TR,3/6/2015,3861.53,3861.53,3799.76,3807.04,3807.04,0
SP500TR,3/5/2015,3856.69,3867.19,3850.81,3861.29,3861.29,0
SP500TR,3/4/2015,3873.39,3873.39,3836.57,3856.51,3856.51,0
SP500TR,3/3/2015,3887.38,3887.38,3855.26,3872.71,3872.71,0
SP500TR,3/2/2015,3867.98,3890.52,3866.67,3890.32,3890.32,0
SP500TR,2/27/2015,3878.13,3881.55,3865.05,3866.42,3866.42,0
SP500TR,2/26/2015,3883.67,3883.67,3865.1,3877.85,3877.85,0
SP500TR,2/25/2015,3885.58,3893.44,3875.67,3882.95,3882.95,0
SP500TR,2/24/2015,3873.55,3889.75,3867.8,3885.27,3885.27,0
SP500TR,2/23/2015,3874.78,3874.78,3862.23,3874.46,3874.46,0
SP500TR,2/20/2015,3852.37,3876.13,3830.04,3875.6,3875.6,0
SP500TR,2/19/2015,3854.83,3860.12,3839.34,3851.53,3851.53,0
SP500TR,2/18/2015,3854.05,3856.01,3841.18,3855,3855,0
SP500TR,2/17/2015,3848.93,3857.8,3836.74,3856.04,3856.04,0
SP500TR,2/13/2015,3834.22,3849.33,3830.42,3849.29,3849.29,0
SP500TR,2/12/2015,3799.4,3833.38,3799.4,3833.35,3833.35,0
SP500TR,2/11/2015,3795.85,3804.81,3776.48,3795.82,3795.82,0
SP500TR,2/10/2015,3759.38,3798.76,3758.11,3794.62,3794.62,0
SP500TR,2/9/2015,3766.7,3771.63,3745.44,3754.36,3754.36,0
SP500TR,2/6/2015,3782.68,3801.22,3760.14,3770.2,3770.2,0
SP500TR,2/5/2015,3747.15,3783.98,3747.15,3782.11,3782.11,0
SP500TR,2/4/2015,3756.31,3767.09,3734.06,3742.84,3742.84,0
SP500TR,2/3/2015,3707.26,3757.73,3707.26,3757.34,3757.34,0
SP500TR,2/2/2015,3659.45,3705.11,3630.7,3703.77,3703.77,0
SP500TR,1/30/2015,3700.93,3708.17,3653.42,3656.28,3656.28,0
SP500TR,1/29/2015,3669.89,3710.56,3645.87,3704.35,3704.35,0
SP500TR,1/28/2015,3724.41,3742.83,3668.21,3669.1,3669.1,0
SP500TR,1/27/2015,3752.53,3752.53,3701.35,3718.99,3718.99,0
SP500TR,1/26/2015,3757.22,3770.41,3739.99,3769.45,3769.45,0
SP500TR,1/23/2015,3780.21,3780.21,3757.41,3759.76,3759.76,0
SP500TR,1/22/2015,3727.65,3783.21,3713.21,3780.51,3780.51,0
SP500TR,1/21/2015,3701.77,3734.85,3686.83,3723.62,3723.62,0
SP500TR,1/20/2015,3702.37,3717.05,3672.58,3705.64,3705.64,0
SP500TR,1/16/2015,3650.01,3701.68,3642.5,3699.79,3699.79,0
SP500TR,1/15/2015,3689.36,3703.28,3648.54,3650.74,3650.74,0
SP500TR,1/14/2015,3697.78,3697.78,3642.97,3684.72,3684.72,0
SP500TR,1/13/2015,3721.82,3768.16,3680.42,3706.15,3706.15,0
SP500TR,1/12/2015,3748.09,3753.76,3705.08,3715.36,3715.36,0
SP500TR,1/9/2015,3779.81,3781.5,3733.83,3745.67,3745.67,0
SP500TR,1/8/2015,3719.64,3780.93,3719.64,3777.4,3777.4,0
SP500TR,1/7/2015,3673.68,3717.73,3673.68,3710.94,3710.94,0
SP500TR,1/6/2015,3702.91,3717.67,3648.53,3667.14,3667.14,0
SP500TR,1/5/2015,3762.04,3762.04,3694.1,3700.03,3700.03,0
SP500TR,1/2/2015,3776.49,3794.52,3746.41,3768.68,3768.68,0
